date,food_item,day_of_week,month,temperature,is_rainy,is_exam_period,is_holiday,quantity_sold
2024-01-01,Samosa,0,1,22.1,0,0,0,119
2024-01-01,Veg Burger,0,1,22.1,0,0,0,64
2024-01-01,Masala Dosa,0,1,22.1,0,0,0,92
2024-01-01,Chole Bhature,0,1,22.1,0,0,0,82
2024-01-01,Veg Biryani,0,1,22.1,0,0,0,75
2024-01-01,Sandwich,0,1,22.1,0,0,0,72
2024-01-01,Tea,0,1,22.1,0,0,0,214
2024-01-01,Cold Coffee,0,1,22.1,0,0,0,62
2024-01-02,Samosa,1,1,19.2,0,0,0,103
2024-01-02,Veg Burger,1,1,19.2,0,0,0,67
2024-01-02,Masala Dosa,1,1,19.2,0,0,0,83
2024-01-02,Chole Bhature,1,1,19.2,0,0,0,82
2024-01-02,Veg Biryani,1,1,19.2,0,0,0,56
2024-01-02,Sandwich,1,1,19.2,0,0,0,67
2024-01-02,Tea,1,1,19.2,0,0,0,263
2024-01-02,Cold Coffee,1,1,19.2,0,0,0,54
2024-01-03,Samosa,2,1,21.2,0,0,0,106
2024-01-03,Veg Burger,2,1,21.2,0,0,0,71
2024-01-03,Masala Dosa,2,1,21.2,0,0,0,86
2024-01-03,Chole Bhature,2,1,21.2,0,0,0,91
2024-01-03,Veg Biryani,2,1,21.2,0,0,0,65
2024-01-03,Sandwich,2,1,21.2,0,0,0,77
2024-01-03,Tea,2,1,21.2,0,0,0,216
2024-01-03,Cold Coffee,2,1,21.2,0,0,0,57
2024-01-04,Samosa,3,1,20.7,0,0,0,128
2024-01-04,Veg Burger,3,1,20.7,0,0,0,63
2024-01-04,Masala Dosa,3,1,20.7,0,0,0,92
2024-01-04,Chole Bhature,3,1,20.7,0,0,0,67
2024-01-04,Veg Biryani,3,1,20.7,0,0,0,54
2024-01-04,Sandwich,3,1,20.7,0,0,0,76
2024-01-04,Tea,3,1,20.7,0,0,0,243
2024-01-04,Cold Coffee,3,1,20.7,0,0,0,61
2024-01-05,Samosa,4,1,20.8,0,0,0,117
2024-01-05,Veg Burger,4,1,20.8,0,0,0,74
2024-01-05,Masala Dosa,4,1,20.8,0,0,0,86
2024-01-05,Chole Bhature,4,1,20.8,0,0,0,71
2024-01-05,Veg Biryani,4,1,20.8,0,0,0,64
2024-01-05,Sandwich,4,1,20.8,0,0,0,68
2024-01-05,Tea,4,1,20.8,0,0,0,231
2024-01-05,Cold Coffee,4,1,20.8,0,0,0,63
2024-01-06,Samosa,5,1,22.8,0,0,0,62
2024-01-06,Veg Burger,5,1,22.8,0,0,0,38
2024-01-06,Masala Dosa,5,1,22.8,0,0,0,51
2024-01-06,Chole Bhature,5,1,22.8,0,0,0,47
2024-01-06,Veg Biryani,5,1,22.8,0,0,0,32
2024-01-06,Sandwich,5,1,22.8,0,0,0,41
2024-01-06,Tea,5,1,22.8,0,0,0,111
2024-01-06,Cold Coffee,5,1,22.8,0,0,0,33
2024-01-07,Samosa,6,1,22.7,0,0,0,33
2024-01-07,Veg Burger,6,1,22.7,0,0,0,16
2024-01-07,Masala Dosa,6,1,22.7,0,0,0,22
2024-01-07,Chole Bhature,6,1,22.7,0,0,0,22
2024-01-07,Veg Biryani,6,1,22.7,0,0,0,16
2024-01-07,Sandwich,6,1,22.7,0,0,0,21
2024-01-07,Tea,6,1,22.7,0,0,0,57
2024-01-07,Cold Coffee,6,1,22.7,0,0,0,21
2024-01-08,Samosa,0,1,19.2,0,0,0,121
2024-01-08,Veg Burger,0,1,19.2,0,0,0,68
2024-01-08,Masala Dosa,0,1,19.2,0,0,0,91
2024-01-08,Chole Bhature,0,1,19.2,0,0,0,67
2024-01-08,Veg Biryani,0,1,19.2,0,0,0,68
2024-01-08,Sandwich,0,1,19.2,0,0,0,77
2024-01-08,Tea,0,1,19.2,0,0,0,263
2024-01-08,Cold Coffee,0,1,19.2,0,0,0,53
2024-01-09,Samosa,1,1,19.5,0,0,0,115
2024-01-09,Veg Burger,1,1,19.5,0,0,0,73
2024-01-09,Masala Dosa,1,1,19.5,0,0,0,98
2024-01-09,Chole Bhature,1,1,19.5,0,0,0,82
2024-01-09,Veg Biryani,1,1,19.5,0,0,0,62
2024-01-09,Sandwich,1,1,19.5,0,0,0,83
2024-01-09,Tea,1,1,19.5,0,0,0,237
2024-01-09,Cold Coffee,1,1,19.5,0,0,0,55
2024-01-10,Samosa,2,1,22.4,0,0,0,116
2024-01-10,Veg Burger,2,1,22.4,0,0,0,62
2024-01-10,Masala Dosa,2,1,22.4,0,0,0,92
2024-01-10,Chole Bhature,2,1,22.4,0,0,0,98
2024-01-10,Veg Biryani,2,1,22.4,0,0,0,60
2024-01-10,Sandwich,2,1,22.4,0,0,0,74
2024-01-10,Tea,2,1,22.4,0,0,0,197
2024-01-10,Cold Coffee,2,1,22.4,0,0,0,64
2024-01-11,Samosa,3,1,20.4,0,0,0,112
2024-01-11,Veg Burger,3,1,20.4,0,0,0,71
2024-01-11,Masala Dosa,3,1,20.4,0,0,0,75
2024-01-11,Chole Bhature,3,1,20.4,0,0,0,74
2024-01-11,Veg Biryani,3,1,20.4,0,0,0,67
2024-01-11,Sandwich,3,1,20.4,0,0,0,75
2024-01-11,Tea,3,1,20.4,0,0,0,200
2024-01-11,Cold Coffee,3,1,20.4,0,0,0,54
2024-01-12,Samosa,4,1,19.1,1,0,0,157
2024-01-12,Veg Burger,4,1,19.1,1,0,0,84
2024-01-12,Masala Dosa,4,1,19.1,1,0,0,89
2024-01-12,Chole Bhature,4,1,19.1,1,0,0,82
2024-01-12,Veg Biryani,4,1,19.1,1,0,0,69
2024-01-12,Sandwich,4,1,19.1,1,0,0,68
2024-01-12,Tea,4,1,19.1,1,0,0,334
2024-01-12,Cold Coffee,4,1,19.1,1,0,0,46
2024-01-13,Samosa,5,1,22.7,0,0,0,61
2024-01-13,Veg Burger,5,1,22.7,0,0,0,43
2024-01-13,Masala Dosa,5,1,22.7,0,0,0,55
2024-01-13,Chole Bhature,5,1,22.7,0,0,0,41
2024-01-13,Veg Biryani,5,1,22.7,0,0,0,33
2024-01-13,Sandwich,5,1,22.7,0,0,0,40
2024-01-13,Tea,5,1,22.7,0,0,0,131
2024-01-13,Cold Coffee,5,1,22.7,0,0,0,42
2024-01-14,Samosa,6,1,22.8,1,0,0,34
2024-01-14,Veg Burger,6,1,22.8,1,0,0,18
2024-01-14,Masala Dosa,6,1,22.8,1,0,0,21
2024-01-14,Chole Bhature,6,1,22.8,1,0,0,21
2024-01-14,Veg Biryani,6,1,22.8,1,0,0,14
2024-01-14,Sandwich,6,1,22.8,1,0,0,21
2024-01-14,Tea,6,1,22.8,1,0,0,67
2024-01-14,Cold Coffee,6,1,22.8,1,0,0,13
2024-01-15,Samosa,0,1,22.7,0,0,0,108
2024-01-15,Veg Burger,0,1,22.7,0,0,0,78
2024-01-15,Masala Dosa,0,1,22.7,0,0,0,108
2024-01-15,Chole Bhature,0,1,22.7,0,0,0,78
2024-01-15,Veg Biryani,0,1,22.7,0,0,0,68
2024-01-15,Sandwich,0,1,22.7,0,0,0,66
2024-01-15,Tea,0,1,22.7,0,0,0,242
2024-01-15,Cold Coffee,0,1,22.7,0,0,0,74
2024-01-16,Samosa,1,1,19.3,0,0,0,122
2024-01-16,Veg Burger,1,1,19.3,0,0,0,72
2024-01-16,Masala Dosa,1,1,19.3,0,0,0,85
2024-01-16,Chole Bhature,1,1,19.3,0,0,0,81
2024-01-16,Veg Biryani,1,1,19.3,0,0,0,61
2024-01-16,Sandwich,1,1,19.3,0,0,0,71
2024-01-16,Tea,1,1,19.3,0,0,0,270
2024-01-16,Cold Coffee,1,1,19.3,0,0,0,58
2024-01-17,Samosa,2,1,18.7,0,0,0,126
2024-01-17,Veg Burger,2,1,18.7,0,0,0,66
2024-01-17,Masala Dosa,2,1,18.7,0,0,0,82
2024-01-17,Chole Bhature,2,1,18.7,0,0,0,102
2024-01-17,Veg Biryani,2,1,18.7,0,0,0,66
2024-01-17,Sandwich,2,1,18.7,0,0,0,78
2024-01-17,Tea,2,1,18.7,0,0,0,255
2024-01-17,Cold Coffee,2,1,18.7,0,0,0,50
2024-01-18,Samosa,3,1,21.4,0,0,0,111
2024-01-18,Veg Burger,3,1,21.4,0,0,0,65
2024-01-18,Masala Dosa,3,1,21.4,0,0,0,89
2024-01-18,Chole Bhature,3,1,21.4,0,0,0,82
2024-01-18,Veg Biryani,3,1,21.4,0,0,0,61
2024-01-18,Sandwich,3,1,21.4,0,0,0,80
2024-01-18,Tea,3,1,21.4,0,0,0,227
2024-01-18,Cold Coffee,3,1,21.4,0,0,0,70
2024-01-19,Samosa,4,1,20.5,0,0,0,146
2024-01-19,Veg Burger,4,1,20.5,0,0,0,65
2024-01-19,Masala Dosa,4,1,20.5,0,0,0,97
2024-01-19,Chole Bhature,4,1,20.5,0,0,0,80
2024-01-19,Veg Biryani,4,1,20.5,0,0,0,68
2024-01-19,Sandwich,4,1,20.5,0,0,0,74
2024-01-19,Tea,4,1,20.5,0,0,0,244
2024-01-19,Cold Coffee,4,1,20.5,0,0,0,57
2024-01-20,Samosa,5,1,22.6,0,0,0,64
2024-01-20,Veg Burger,5,1,22.6,0,0,0,41
2024-01-20,Masala Dosa,5,1,22.6,0,0,0,50
2024-01-20,Chole Bhature,5,1,22.6,0,0,0,40
2024-01-20,Veg Biryani,5,1,22.6,0,0,0,33
2024-01-20,Sandwich,5,1,22.6,0,0,0,43
2024-01-20,Tea,5,1,22.6,0,0,0,113
2024-01-20,Cold Coffee,5,1,22.6,0,0,0,37
2024-01-21,Samosa,6,1,21.2,0,0,0,27
2024-01-21,Veg Burger,6,1,21.2,0,0,0,19
2024-01-21,Masala Dosa,6,1,21.2,0,0,0,24
2024-01-21,Chole Bhature,6,1,21.2,0,0,0,18
2024-01-21,Veg Biryani,6,1,21.2,0,0,0,17
2024-01-21,Sandwich,6,1,21.2,0,0,0,20
2024-01-21,Tea,6,1,21.2,0,0,0,54
2024-01-21,Cold Coffee,6,1,21.2,0,0,0,16
2024-01-22,Samosa,0,1,21.6,0,0,0,125
2024-01-22,Veg Burger,0,1,21.6,0,0,0,92
2024-01-22,Masala Dosa,0,1,21.6,0,0,0,94
2024-01-22,Chole Bhature,0,1,21.6,0,0,0,87
2024-01-22,Veg Biryani,0,1,21.6,0,0,0,74
2024-01-22,Sandwich,0,1,21.6,0,0,0,79
2024-01-22,Tea,0,1,21.6,0,0,0,220
2024-01-22,Cold Coffee,0,1,21.6,0,0,0,67
2024-01-23,Samosa,1,1,19.5,0,0,0,118
2024-01-23,Veg Burger,1,1,19.5,0,0,0,70
2024-01-23,Masala Dosa,1,1,19.5,0,0,0,86
2024-01-23,Chole Bhature,1,1,19.5,0,0,0,69
2024-01-23,Veg Biryani,1,1,19.5,0,0,0,62
2024-01-23,Sandwich,1,1,19.5,0,0,0,73
2024-01-23,Tea,1,1,19.5,0,0,0,236
2024-01-23,Cold Coffee,1,1,19.5,0,0,0,52
2024-01-24,Samosa,2,1,20.4,0,0,0,113
2024-01-24,Veg Burger,2,1,20.4,0,0,0,74
2024-01-24,Masala Dosa,2,1,20.4,0,0,0,85
2024-01-24,Chole Bhature,2,1,20.4,0,0,0,98
2024-01-24,Veg Biryani,2,1,20.4,0,0,0,60
2024-01-24,Sandwich,2,1,20.4,0,0,0,71
2024-01-24,Tea,2,1,20.4,0,0,0,270
2024-01-24,Cold Coffee,2,1,20.4,0,0,0,62
2024-01-25,Samosa,3,1,17.0,0,0,0,122
2024-01-25,Veg Burger,3,1,17.0,0,0,0,68
2024-01-25,Masala Dosa,3,1,17.0,0,0,0,78
2024-01-25,Chole Bhature,3,1,17.0,0,0,0,75
2024-01-25,Veg Biryani,3,1,17.0,0,0,0,68
2024-01-25,Sandwich,3,1,17.0,0,0,0,73
2024-01-25,Tea,3,1,17.0,0,0,0,238
2024-01-25,Cold Coffee,3,1,17.0,0,0,0,49
2024-01-26,Samosa,4,1,17.8,0,0,1,32
2024-01-26,Veg Burger,4,1,17.8,0,0,1,23
2024-01-26,Masala Dosa,4,1,17.8,0,0,1,32
2024-01-26,Chole Bhature,4,1,17.8,0,0,1,26
2024-01-26,Veg Biryani,4,1,17.8,0,0,1,18
2024-01-26,Sandwich,4,1,17.8,0,0,1,22
2024-01-26,Tea,4,1,17.8,0,0,1,80
2024-01-26,Cold Coffee,4,1,17.8,0,0,1,14
2024-01-27,Samosa,5,1,22.0,0,0,0,70
2024-01-27,Veg Burger,5,1,22.0,0,0,0,38
2024-01-27,Masala Dosa,5,1,22.0,0,0,0,46
2024-01-27,Chole Bhature,5,1,22.0,0,0,0,39
2024-01-27,Veg Biryani,5,1,22.0,0,0,0,33
2024-01-27,Sandwich,5,1,22.0,0,0,0,35
2024-01-27,Tea,5,1,22.0,0,0,0,110
2024-01-27,Cold Coffee,5,1,22.0,0,0,0,40
2024-01-28,Samosa,6,1,23.7,1,0,0,43
2024-01-28,Veg Burger,6,1,23.7,1,0,0,15
2024-01-28,Masala Dosa,6,1,23.7,1,0,0,25
2024-01-28,Chole Bhature,6,1,23.7,1,0,0,20
2024-01-28,Veg Biryani,6,1,23.7,1,0,0,14
2024-01-28,Sandwich,6,1,23.7,1,0,0,19
2024-01-28,Tea,6,1,23.7,1,0,0,72
2024-01-28,Cold Coffee,6,1,23.7,1,0,0,13
2024-01-29,Samosa,0,1,21.2,0,0,0,116
2024-01-29,Veg Burger,0,1,21.2,0,0,0,59
2024-01-29,Masala Dosa,0,1,21.2,0,0,0,99
2024-01-29,Chole Bhature,0,1,21.2,0,0,0,76
2024-01-29,Veg Biryani,0,1,21.2,0,0,0,81
2024-01-29,Sandwich,0,1,21.2,0,0,0,79
2024-01-29,Tea,0,1,21.2,0,0,0,228
2024-01-29,Cold Coffee,0,1,21.2,0,0,0,64
2024-01-30,Samosa,1,1,20.9,0,0,0,123
2024-01-30,Veg Burger,1,1,20.9,0,0,0,67
2024-01-30,Masala Dosa,1,1,20.9,0,0,0,89
2024-01-30,Chole Bhature,1,1,20.9,0,0,0,77
2024-01-30,Veg Biryani,1,1,20.9,0,0,0,57
2024-01-30,Sandwich,1,1,20.9,0,0,0,80
2024-01-30,Tea,1,1,20.9,0,0,0,235
2024-01-30,Cold Coffee,1,1,20.9,0,0,0,57
2024-01-31,Samosa,2,1,22.9,0,0,0,123
2024-01-31,Veg Burger,2,1,22.9,0,0,0,66
2024-01-31,Masala Dosa,2,1,22.9,0,0,0,96
2024-01-31,Chole Bhature,2,1,22.9,0,0,0,100
2024-01-31,Veg Biryani,2,1,22.9,0,0,0,57
2024-01-31,Sandwich,2,1,22.9,0,0,0,64
2024-01-31,Tea,2,1,22.9,0,0,0,199
2024-01-31,Cold Coffee,2,1,22.9,0,0,0,64
2024-02-01,Samosa,3,2,26.3,0,0,0,118
2024-02-01,Veg Burger,3,2,26.3,0,0,0,76
2024-02-01,Masala Dosa,3,2,26.3,0,0,0,96
2024-02-01,Chole Bhature,3,2,26.3,0,0,0,85
2024-02-01,Veg Biryani,3,2,26.3,0,0,0,66
2024-02-01,Sandwich,3,2,26.3,0,0,0,75
2024-02-01,Tea,3,2,26.3,0,0,0,218
2024-02-01,Cold Coffee,3,2,26.3,0,0,0,77
2024-02-02,Samosa,4,2,24.6,0,0,0,119
2024-02-02,Veg Burger,4,2,24.6,0,0,0,81
2024-02-02,Masala Dosa,4,2,24.6,0,0,0,98
2024-02-02,Chole Bhature,4,2,24.6,0,0,0,69
2024-02-02,Veg Biryani,4,2,24.6,0,0,0,67
2024-02-02,Sandwich,4,2,24.6,0,0,0,82
2024-02-02,Tea,4,2,24.6,0,0,0,193
2024-02-02,Cold Coffee,4,2,24.6,0,0,0,78
2024-02-03,Samosa,5,2,25.3,0,0,0,66
2024-02-03,Veg Burger,5,2,25.3,0,0,0,36
2024-02-03,Masala Dosa,5,2,25.3,0,0,0,50
2024-02-03,Chole Bhature,5,2,25.3,0,0,0,42
2024-02-03,Veg Biryani,5,2,25.3,0,0,0,36
2024-02-03,Sandwich,5,2,25.3,0,0,0,41
2024-02-03,Tea,5,2,25.3,0,0,0,108
2024-02-03,Cold Coffee,5,2,25.3,0,0,0,41
2024-02-04,Samosa,6,2,24.8,0,0,0,29
2024-02-04,Veg Burger,6,2,24.8,0,0,0,17
2024-02-04,Masala Dosa,6,2,24.8,0,0,0,23
2024-02-04,Chole Bhature,6,2,24.8,0,0,0,21
2024-02-04,Veg Biryani,6,2,24.8,0,0,0,16
2024-02-04,Sandwich,6,2,24.8,0,0,0,20
2024-02-04,Tea,6,2,24.8,0,0,0,51
2024-02-04,Cold Coffee,6,2,24.8,0,0,0,18
2024-02-05,Samosa,0,2,26.7,0,0,0,123
2024-02-05,Veg Burger,0,2,26.7,0,0,0,78
2024-02-05,Masala Dosa,0,2,26.7,0,0,0,96
2024-02-05,Chole Bhature,0,2,26.7,0,0,0,79
2024-02-05,Veg Biryani,0,2,26.7,0,0,0,69
2024-02-05,Sandwich,0,2,26.7,0,0,0,69
2024-02-05,Tea,0,2,26.7,0,0,0,205
2024-02-05,Cold Coffee,0,2,26.7,0,0,0,79
2024-02-06,Samosa,1,2,24.6,0,0,0,112
2024-02-06,Veg Burger,1,2,24.6,0,0,0,73
2024-02-06,Masala Dosa,1,2,24.6,0,0,0,91
2024-02-06,Chole Bhature,1,2,24.6,0,0,0,71
2024-02-06,Veg Biryani,1,2,24.6,0,0,0,56
2024-02-06,Sandwich,1,2,24.6,0,0,0,73
2024-02-06,Tea,1,2,24.6,0,0,0,221
2024-02-06,Cold Coffee,1,2,24.6,0,0,0,74
2024-02-07,Samosa,2,2,26.0,0,0,0,121
2024-02-07,Veg Burger,2,2,26.0,0,0,0,66
2024-02-07,Masala Dosa,2,2,26.0,0,0,0,90
2024-02-07,Chole Bhature,2,2,26.0,0,0,0,100
2024-02-07,Veg Biryani,2,2,26.0,0,0,0,67
2024-02-07,Sandwich,2,2,26.0,0,0,0,81
2024-02-07,Tea,2,2,26.0,0,0,0,244
2024-02-07,Cold Coffee,2,2,26.0,0,0,0,73
2024-02-08,Samosa,3,2,25.7,1,0,0,158
2024-02-08,Veg Burger,3,2,25.7,1,0,0,69
2024-02-08,Masala Dosa,3,2,25.7,1,0,0,97
2024-02-08,Chole Bhature,3,2,25.7,1,0,0,71
2024-02-08,Veg Biryani,3,2,25.7,1,0,0,64
2024-02-08,Sandwich,3,2,25.7,1,0,0,74
2024-02-08,Tea,3,2,25.7,1,0,0,242
2024-02-08,Cold Coffee,3,2,25.7,1,0,0,67
2024-02-09,Samosa,4,2,20.4,1,0,0,160
2024-02-09,Veg Burger,4,2,20.4,1,0,0,81
2024-02-09,Masala Dosa,4,2,20.4,1,0,0,97
2024-02-09,Chole Bhature,4,2,20.4,1,0,0,76
2024-02-09,Veg Biryani,4,2,20.4,1,0,0,64
2024-02-09,Sandwich,4,2,20.4,1,0,0,78
2024-02-09,Tea,4,2,20.4,1,0,0,268
2024-02-09,Cold Coffee,4,2,20.4,1,0,0,54
2024-02-10,Samosa,5,2,26.4,0,0,0,64
2024-02-10,Veg Burger,5,2,26.4,0,0,0,39
2024-02-10,Masala Dosa,5,2,26.4,0,0,0,45
2024-02-10,Chole Bhature,5,2,26.4,0,0,0,45
2024-02-10,Veg Biryani,5,2,26.4,0,0,0,33
2024-02-10,Sandwich,5,2,26.4,0,0,0,42
2024-02-10,Tea,5,2,26.4,0,0,0,116
2024-02-10,Cold Coffee,5,2,26.4,0,0,0,35
2024-02-11,Samosa,6,2,22.2,0,0,0,30
2024-02-11,Veg Burger,6,2,22.2,0,0,0,18
2024-02-11,Masala Dosa,6,2,22.2,0,0,0,22
2024-02-11,Chole Bhature,6,2,22.2,0,0,0,21
2024-02-11,Veg Biryani,6,2,22.2,0,0,0,14
2024-02-11,Sandwich,6,2,22.2,0,0,0,19
2024-02-11,Tea,6,2,22.2,0,0,0,56
2024-02-11,Cold Coffee,6,2,22.2,0,0,0,17
2024-02-12,Samosa,0,2,25.4,0,0,0,109
2024-02-12,Veg Burger,0,2,25.4,0,0,0,65
2024-02-12,Masala Dosa,0,2,25.4,0,0,0,88
2024-02-12,Chole Bhature,0,2,25.4,0,0,0,82
2024-02-12,Veg Biryani,0,2,25.4,0,0,0,80
2024-02-12,Sandwich,0,2,25.4,0,0,0,76
2024-02-12,Tea,0,2,25.4,0,0,0,237
2024-02-12,Cold Coffee,0,2,25.4,0,0,0,77
2024-02-13,Samosa,1,2,26.3,0,0,0,118
2024-02-13,Veg Burger,1,2,26.3,0,0,0,75
2024-02-13,Masala Dosa,1,2,26.3,0,0,0,95
2024-02-13,Chole Bhature,1,2,26.3,0,0,0,89
2024-02-13,Veg Biryani,1,2,26.3,0,0,0,55
2024-02-13,Sandwich,1,2,26.3,0,0,0,79
2024-02-13,Tea,1,2,26.3,0,0,0,224
2024-02-13,Cold Coffee,1,2,26.3,0,0,0,68
2024-02-14,Samosa,2,2,21.6,0,0,0,100
2024-02-14,Veg Burger,2,2,21.6,0,0,0,71
2024-02-14,Masala Dosa,2,2,21.6,0,0,0,74
2024-02-14,Chole Bhature,2,2,21.6,0,0,0,92
2024-02-14,Veg Biryani,2,2,21.6,0,0,0,66
2024-02-14,Sandwich,2,2,21.6,0,0,0,81
2024-02-14,Tea,2,2,21.6,0,0,0,232
2024-02-14,Cold Coffee,2,2,21.6,0,0,0,63
2024-02-15,Samosa,3,2,25.6,0,0,0,124
2024-02-15,Veg Burger,3,2,25.6,0,0,0,70
2024-02-15,Masala Dosa,3,2,25.6,0,0,0,75
2024-02-15,Chole Bhature,3,2,25.6,0,0,0,79
2024-02-15,Veg Biryani,3,2,25.6,0,0,0,54
2024-02-15,Sandwich,3,2,25.6,0,0,0,79
2024-02-15,Tea,3,2,25.6,0,0,0,216
2024-02-15,Cold Coffee,3,2,25.6,0,0,0,71
2024-02-16,Samosa,4,2,23.0,0,0,0,110
2024-02-16,Veg Burger,4,2,23.0,0,0,0,82
2024-02-16,Masala Dosa,4,2,23.0,0,0,0,88
2024-02-16,Chole Bhature,4,2,23.0,0,0,0,77
2024-02-16,Veg Biryani,4,2,23.0,0,0,0,66
2024-02-16,Sandwich,4,2,23.0,0,0,0,70
2024-02-16,Tea,4,2,23.0,0,0,0,210
2024-02-16,Cold Coffee,4,2,23.0,0,0,0,60
2024-02-17,Samosa,5,2,23.6,0,0,0,76
2024-02-17,Veg Burger,5,2,23.6,0,0,0,39
2024-02-17,Masala Dosa,5,2,23.6,0,0,0,47
2024-02-17,Chole Bhature,5,2,23.6,0,0,0,45
2024-02-17,Veg Biryani,5,2,23.6,0,0,0,33
2024-02-17,Sandwich,5,2,23.6,0,0,0,41
2024-02-17,Tea,5,2,23.6,0,0,0,126
2024-02-17,Cold Coffee,5,2,23.6,0,0,0,41
2024-02-18,Samosa,6,2,22.9,0,0,0,29
2024-02-18,Veg Burger,6,2,22.9,0,0,0,21
2024-02-18,Masala Dosa,6,2,22.9,0,0,0,22
2024-02-18,Chole Bhature,6,2,22.9,0,0,0,19
2024-02-18,Veg Biryani,6,2,22.9,0,0,0,12
2024-02-18,Sandwich,6,2,22.9,0,0,0,20
2024-02-18,Tea,6,2,22.9,0,0,0,51
2024-02-18,Cold Coffee,6,2,22.9,0,0,0,17
2024-02-19,Samosa,0,2,25.9,0,0,0,119
2024-02-19,Veg Burger,0,2,25.9,0,0,0,65
2024-02-19,Masala Dosa,0,2,25.9,0,0,0,78
2024-02-19,Chole Bhature,0,2,25.9,0,0,0,81
2024-02-19,Veg Biryani,0,2,25.9,0,0,0,65
2024-02-19,Sandwich,0,2,25.9,0,0,0,66
2024-02-19,Tea,0,2,25.9,0,0,0,198
2024-02-19,Cold Coffee,0,2,25.9,0,0,0,71
2024-02-20,Samosa,1,2,27.4,0,0,0,128
2024-02-20,Veg Burger,1,2,27.4,0,0,0,65
2024-02-20,Masala Dosa,1,2,27.4,0,0,0,90
2024-02-20,Chole Bhature,1,2,27.4,0,0,0,95
2024-02-20,Veg Biryani,1,2,27.4,0,0,0,65
2024-02-20,Sandwich,1,2,27.4,0,0,0,72
2024-02-20,Tea,1,2,27.4,0,0,0,228
2024-02-20,Cold Coffee,1,2,27.4,0,0,0,80
2024-02-21,Samosa,2,2,22.7,0,0,0,129
2024-02-21,Veg Burger,2,2,22.7,0,0,0,81
2024-02-21,Masala Dosa,2,2,22.7,0,0,0,80
2024-02-21,Chole Bhature,2,2,22.7,0,0,0,100
2024-02-21,Veg Biryani,2,2,22.7,0,0,0,57
2024-02-21,Sandwich,2,2,22.7,0,0,0,72
2024-02-21,Tea,2,2,22.7,0,0,0,211
2024-02-21,Cold Coffee,2,2,22.7,0,0,0,62
2024-02-22,Samosa,3,2,24.1,0,0,0,112
2024-02-22,Veg Burger,3,2,24.1,0,0,0,72
2024-02-22,Masala Dosa,3,2,24.1,0,0,0,89
2024-02-22,Chole Bhature,3,2,24.1,0,0,0,82
2024-02-22,Veg Biryani,3,2,24.1,0,0,0,61
2024-02-22,Sandwich,3,2,24.1,0,0,0,71
2024-02-22,Tea,3,2,24.1,0,0,0,206
2024-02-22,Cold Coffee,3,2,24.1,0,0,0,75
2024-02-23,Samosa,4,2,24.4,0,0,0,104
2024-02-23,Veg Burger,4,2,24.4,0,0,0,73
2024-02-23,Masala Dosa,4,2,24.4,0,0,0,85
2024-02-23,Chole Bhature,4,2,24.4,0,0,0,84
2024-02-23,Veg Biryani,4,2,24.4,0,0,0,65
2024-02-23,Sandwich,4,2,24.4,0,0,0,64
2024-02-23,Tea,4,2,24.4,0,0,0,186
2024-02-23,Cold Coffee,4,2,24.4,0,0,0,73
2024-02-24,Samosa,5,2,24.5,0,0,0,61
2024-02-24,Veg Burger,5,2,24.5,0,0,0,35
2024-02-24,Masala Dosa,5,2,24.5,0,0,0,51
2024-02-24,Chole Bhature,5,2,24.5,0,0,0,54
2024-02-24,Veg Biryani,5,2,24.5,0,0,0,29
2024-02-24,Sandwich,5,2,24.5,0,0,0,41
2024-02-24,Tea,5,2,24.5,0,0,0,114
2024-02-24,Cold Coffee,5,2,24.5,0,0,0,38
2024-02-25,Samosa,6,2,25.5,0,0,0,31
2024-02-25,Veg Burger,6,2,25.5,0,0,0,20
2024-02-25,Masala Dosa,6,2,25.5,0,0,0,18
2024-02-25,Chole Bhature,6,2,25.5,0,0,0,19
2024-02-25,Veg Biryani,6,2,25.5,0,0,0,16
2024-02-25,Sandwich,6,2,25.5,0,0,0,18
2024-02-25,Tea,6,2,25.5,0,0,0,54
2024-02-25,Cold Coffee,6,2,25.5,0,0,0,18
2024-02-26,Samosa,0,2,24.2,0,0,0,119
2024-02-26,Veg Burger,0,2,24.2,0,0,0,69
2024-02-26,Masala Dosa,0,2,24.2,0,0,0,91
2024-02-26,Chole Bhature,0,2,24.2,0,0,0,76
2024-02-26,Veg Biryani,0,2,24.2,0,0,0,72
2024-02-26,Sandwich,0,2,24.2,0,0,0,73
2024-02-26,Tea,0,2,24.2,0,0,0,210
2024-02-26,Cold Coffee,0,2,24.2,0,0,0,75
2024-02-27,Samosa,1,2,26.1,0,0,0,128
2024-02-27,Veg Burger,1,2,26.1,0,0,0,68
2024-02-27,Masala Dosa,1,2,26.1,0,0,0,99
2024-02-27,Chole Bhature,1,2,26.1,0,0,0,77
2024-02-27,Veg Biryani,1,2,26.1,0,0,0,50
2024-02-27,Sandwich,1,2,26.1,0,0,0,69
2024-02-27,Tea,1,2,26.1,0,0,0,177
2024-02-27,Cold Coffee,1,2,26.1,0,0,0,76
2024-02-28,Samosa,2,2,24.0,0,0,0,136
2024-02-28,Veg Burger,2,2,24.0,0,0,0,69
2024-02-28,Masala Dosa,2,2,24.0,0,0,0,96
2024-02-28,Chole Bhature,2,2,24.0,0,0,0,103
2024-02-28,Veg Biryani,2,2,24.0,0,0,0,60
2024-02-28,Sandwich,2,2,24.0,0,0,0,70
2024-02-28,Tea,2,2,24.0,0,0,0,221
2024-02-28,Cold Coffee,2,2,24.0,0,0,0,72
2024-02-29,Samosa,3,2,25.1,0,0,0,123
2024-02-29,Veg Burger,3,2,25.1,0,0,0,68
2024-02-29,Masala Dosa,3,2,25.1,0,0,0,95
2024-02-29,Chole Bhature,3,2,25.1,0,0,0,95
2024-02-29,Veg Biryani,3,2,25.1,0,0,0,61
2024-02-29,Sandwich,3,2,25.1,0,0,0,76
2024-02-29,Tea,3,2,25.1,0,0,0,204
2024-02-29,Cold Coffee,3,2,25.1,0,0,0,70
2024-03-01,Samosa,4,3,29.7,1,0,0,145
2024-03-01,Veg Burger,4,3,29.7,1,0,0,78
2024-03-01,Masala Dosa,4,3,29.7,1,0,0,93
2024-03-01,Chole Bhature,4,3,29.7,1,0,0,78
2024-03-01,Veg Biryani,4,3,29.7,1,0,0,74
2024-03-01,Sandwich,4,3,29.7,1,0,0,83
2024-03-01,Tea,4,3,29.7,1,0,0,242
2024-03-01,Cold Coffee,4,3,29.7,1,0,0,70
2024-03-02,Samosa,5,3,26.9,0,0,0,71
2024-03-02,Veg Burger,5,3,26.9,0,0,0,43
2024-03-02,Masala Dosa,5,3,26.9,0,0,0,51
2024-03-02,Chole Bhature,5,3,26.9,0,0,0,51
2024-03-02,Veg Biryani,5,3,26.9,0,0,0,31
2024-03-02,Sandwich,5,3,26.9,0,0,0,37
2024-03-02,Tea,5,3,26.9,0,0,0,96
2024-03-02,Cold Coffee,5,3,26.9,0,0,0,50
2024-03-03,Samosa,6,3,29.3,0,0,0,30
2024-03-03,Veg Burger,6,3,29.3,0,0,0,18
2024-03-03,Masala Dosa,6,3,29.3,0,0,0,27
2024-03-03,Chole Bhature,6,3,29.3,0,0,0,20
2024-03-03,Veg Biryani,6,3,29.3,0,0,0,15
2024-03-03,Sandwich,6,3,29.3,0,0,0,21
2024-03-03,Tea,6,3,29.3,0,0,0,51
2024-03-03,Cold Coffee,6,3,29.3,0,0,0,23
2024-03-04,Samosa,0,3,28.9,0,0,0,138
2024-03-04,Veg Burger,0,3,28.9,0,0,0,78
2024-03-04,Masala Dosa,0,3,28.9,0,0,0,101
2024-03-04,Chole Bhature,0,3,28.9,0,0,0,77
2024-03-04,Veg Biryani,0,3,28.9,0,0,0,64
2024-03-04,Sandwich,0,3,28.9,0,0,0,74
2024-03-04,Tea,0,3,28.9,0,0,0,197
2024-03-04,Cold Coffee,0,3,28.9,0,0,0,96
2024-03-05,Samosa,1,3,24.6,1,0,0,175
2024-03-05,Veg Burger,1,3,24.6,1,0,0,76
2024-03-05,Masala Dosa,1,3,24.6,1,0,0,86
2024-03-05,Chole Bhature,1,3,24.6,1,0,0,85
2024-03-05,Veg Biryani,1,3,24.6,1,0,0,49
2024-03-05,Sandwich,1,3,24.6,1,0,0,74
2024-03-05,Tea,1,3,24.6,1,0,0,292
2024-03-05,Cold Coffee,1,3,24.6,1,0,0,65
2024-03-06,Samosa,2,3,26.4,0,0,0,118
2024-03-06,Veg Burger,2,3,26.4,0,0,0,62
2024-03-06,Masala Dosa,2,3,26.4,0,0,0,88
2024-03-06,Chole Bhature,2,3,26.4,0,0,0,94
2024-03-06,Veg Biryani,2,3,26.4,0,0,0,47
2024-03-06,Sandwich,2,3,26.4,0,0,0,75
2024-03-06,Tea,2,3,26.4,0,0,0,203
2024-03-06,Cold Coffee,2,3,26.4,0,0,0,84
2024-03-07,Samosa,3,3,31.7,1,0,0,170
2024-03-07,Veg Burger,3,3,31.7,1,0,0,64
2024-03-07,Masala Dosa,3,3,31.7,1,0,0,94
2024-03-07,Chole Bhature,3,3,31.7,1,0,0,75
2024-03-07,Veg Biryani,3,3,31.7,1,0,0,59
2024-03-07,Sandwich,3,3,31.7,1,0,0,75
2024-03-07,Tea,3,3,31.7,1,0,0,244
2024-03-07,Cold Coffee,3,3,31.7,1,0,0,74
2024-03-08,Samosa,4,3,28.3,0,0,0,122
2024-03-08,Veg Burger,4,3,28.3,0,0,0,69
2024-03-08,Masala Dosa,4,3,28.3,0,0,0,86
2024-03-08,Chole Bhature,4,3,28.3,0,0,0,77
2024-03-08,Veg Biryani,4,3,28.3,0,0,0,69
2024-03-08,Sandwich,4,3,28.3,0,0,0,72
2024-03-08,Tea,4,3,28.3,0,0,0,187
2024-03-08,Cold Coffee,4,3,28.3,0,0,0,87
2024-03-09,Samosa,5,3,27.5,0,0,0,74
2024-03-09,Veg Burger,5,3,27.5,0,0,0,32
2024-03-09,Masala Dosa,5,3,27.5,0,0,0,45
2024-03-09,Chole Bhature,5,3,27.5,0,0,0,40
2024-03-09,Veg Biryani,5,3,27.5,0,0,0,34
2024-03-09,Sandwich,5,3,27.5,0,0,0,42
2024-03-09,Tea,5,3,27.5,0,0,0,109
2024-03-09,Cold Coffee,5,3,27.5,0,0,0,45
2024-03-10,Samosa,6,3,29.1,0,0,0,27
2024-03-10,Veg Burger,6,3,29.1,0,0,0,20
2024-03-10,Masala Dosa,6,3,29.1,0,0,0,24
2024-03-10,Chole Bhature,6,3,29.1,0,0,0,22
2024-03-10,Veg Biryani,6,3,29.1,0,0,0,16
2024-03-10,Sandwich,6,3,29.1,0,0,0,17
2024-03-10,Tea,6,3,29.1,0,0,0,47
2024-03-10,Cold Coffee,6,3,29.1,0,0,0,23
2024-03-11,Samosa,0,3,25.6,0,0,0,127
2024-03-11,Veg Burger,0,3,25.6,0,0,0,75
2024-03-11,Masala Dosa,0,3,25.6,0,0,0,83
2024-03-11,Chole Bhature,0,3,25.6,0,0,0,82
2024-03-11,Veg Biryani,0,3,25.6,0,0,0,70
2024-03-11,Sandwich,0,3,25.6,0,0,0,85
2024-03-11,Tea,0,3,25.6,0,0,0,193
2024-03-11,Cold Coffee,0,3,25.6,0,0,0,73
2024-03-12,Samosa,1,3,26.1,0,0,0,123
2024-03-12,Veg Burger,1,3,26.1,0,0,0,63
2024-03-12,Masala Dosa,1,3,26.1,0,0,0,97
2024-03-12,Chole Bhature,1,3,26.1,0,0,0,79
2024-03-12,Veg Biryani,1,3,26.1,0,0,0,57
2024-03-12,Sandwich,1,3,26.1,0,0,0,81
2024-03-12,Tea,1,3,26.1,0,0,0,196
2024-03-12,Cold Coffee,1,3,26.1,0,0,0,70
2024-03-13,Samosa,2,3,24.9,0,0,0,126
2024-03-13,Veg Burger,2,3,24.9,0,0,0,77
2024-03-13,Masala Dosa,2,3,24.9,0,0,0,74
2024-03-13,Chole Bhature,2,3,24.9,0,0,0,83
2024-03-13,Veg Biryani,2,3,24.9,0,0,0,57
2024-03-13,Sandwich,2,3,24.9,0,0,0,81
2024-03-13,Tea,2,3,24.9,0,0,0,212
2024-03-13,Cold Coffee,2,3,24.9,0,0,0,72
2024-03-14,Samosa,3,3,30.7,1,0,0,160
2024-03-14,Veg Burger,3,3,30.7,1,0,0,60
2024-03-14,Masala Dosa,3,3,30.7,1,0,0,80
2024-03-14,Chole Bhature,3,3,30.7,1,0,0,85
2024-03-14,Veg Biryani,3,3,30.7,1,0,0,61
2024-03-14,Sandwich,3,3,30.7,1,0,0,74
2024-03-14,Tea,3,3,30.7,1,0,0,246
2024-03-14,Cold Coffee,3,3,30.7,1,0,0,77
2024-03-15,Samosa,4,3,26.9,1,0,0,146
2024-03-15,Veg Burger,4,3,26.9,1,0,0,61
2024-03-15,Masala Dosa,4,3,26.9,1,0,0,94
2024-03-15,Chole Bhature,4,3,26.9,1,0,0,93
2024-03-15,Veg Biryani,4,3,26.9,1,0,0,73
2024-03-15,Sandwich,4,3,26.9,1,0,0,72
2024-03-15,Tea,4,3,26.9,1,0,0,277
2024-03-15,Cold Coffee,4,3,26.9,1,0,0,73
2024-03-16,Samosa,5,3,31.1,0,0,0,56
2024-03-16,Veg Burger,5,3,31.1,0,0,0,35
2024-03-16,Masala Dosa,5,3,31.1,0,0,0,47
2024-03-16,Chole Bhature,5,3,31.1,0,0,0,44
2024-03-16,Veg Biryani,5,3,31.1,0,0,0,34
2024-03-16,Sandwich,5,3,31.1,0,0,0,39
2024-03-16,Tea,5,3,31.1,0,0,0,105
2024-03-16,Cold Coffee,5,3,31.1,0,0,0,49
2024-03-17,Samosa,6,3,26.8,0,0,0,27
2024-03-17,Veg Burger,6,3,26.8,0,0,0,19
2024-03-17,Masala Dosa,6,3,26.8,0,0,0,21
2024-03-17,Chole Bhature,6,3,26.8,0,0,0,21
2024-03-17,Veg Biryani,6,3,26.8,0,0,0,13
2024-03-17,Sandwich,6,3,26.8,0,0,0,22
2024-03-17,Tea,6,3,26.8,0,0,0,50
2024-03-17,Cold Coffee,6,3,26.8,0,0,0,20
2024-03-18,Samosa,0,3,28.4,0,0,0,114
2024-03-18,Veg Burger,0,3,28.4,0,0,0,71
2024-03-18,Masala Dosa,0,3,28.4,0,0,0,108
2024-03-18,Chole Bhature,0,3,28.4,0,0,0,79
2024-03-18,Veg Biryani,0,3,28.4,0,0,0,75
2024-03-18,Sandwich,0,3,28.4,0,0,0,71
2024-03-18,Tea,0,3,28.4,0,0,0,198
2024-03-18,Cold Coffee,0,3,28.4,0,0,0,99
2024-03-19,Samosa,1,3,26.7,0,0,0,137
2024-03-19,Veg Burger,1,3,26.7,0,0,0,73
2024-03-19,Masala Dosa,1,3,26.7,0,0,0,94
2024-03-19,Chole Bhature,1,3,26.7,0,0,0,73
2024-03-19,Veg Biryani,1,3,26.7,0,0,0,64
2024-03-19,Sandwich,1,3,26.7,0,0,0,64
2024-03-19,Tea,1,3,26.7,0,0,0,224
2024-03-19,Cold Coffee,1,3,26.7,0,0,0,72
2024-03-20,Samosa,2,3,27.5,0,0,0,124
2024-03-20,Veg Burger,2,3,27.5,0,0,0,73
2024-03-20,Masala Dosa,2,3,27.5,0,0,0,94
2024-03-20,Chole Bhature,2,3,27.5,0,0,0,104
2024-03-20,Veg Biryani,2,3,27.5,0,0,0,64
2024-03-20,Sandwich,2,3,27.5,0,0,0,78
2024-03-20,Tea,2,3,27.5,0,0,0,201
2024-03-20,Cold Coffee,2,3,27.5,0,0,0,72
2024-03-21,Samosa,3,3,28.9,0,0,0,122
2024-03-21,Veg Burger,3,3,28.9,0,0,0,75
2024-03-21,Masala Dosa,3,3,28.9,0,0,0,91
2024-03-21,Chole Bhature,3,3,28.9,0,0,0,83
2024-03-21,Veg Biryani,3,3,28.9,0,0,0,59
2024-03-21,Sandwich,3,3,28.9,0,0,0,82
2024-03-21,Tea,3,3,28.9,0,0,0,195
2024-03-21,Cold Coffee,3,3,28.9,0,0,0,85
2024-03-22,Samosa,4,3,29.8,0,0,0,121
2024-03-22,Veg Burger,4,3,29.8,0,0,0,67
2024-03-22,Masala Dosa,4,3,29.8,0,0,0,87
2024-03-22,Chole Bhature,4,3,29.8,0,0,0,78
2024-03-22,Veg Biryani,4,3,29.8,0,0,0,70
2024-03-22,Sandwich,4,3,29.8,0,0,0,72
2024-03-22,Tea,4,3,29.8,0,0,0,212
2024-03-22,Cold Coffee,4,3,29.8,0,0,0,85
2024-03-23,Samosa,5,3,27.6,0,0,0,64
2024-03-23,Veg Burger,5,3,27.6,0,0,0,36
2024-03-23,Masala Dosa,5,3,27.6,0,0,0,54
2024-03-23,Chole Bhature,5,3,27.6,0,0,0,47
2024-03-23,Veg Biryani,5,3,27.6,0,0,0,34
2024-03-23,Sandwich,5,3,27.6,0,0,0,37
2024-03-23,Tea,5,3,27.6,0,0,0,116
2024-03-23,Cold Coffee,5,3,27.6,0,0,0,49
2024-03-24,Samosa,6,3,28.1,0,0,0,29
2024-03-24,Veg Burger,6,3,28.1,0,0,0,19
2024-03-24,Masala Dosa,6,3,28.1,0,0,0,27
2024-03-24,Chole Bhature,6,3,28.1,0,0,0,19
2024-03-24,Veg Biryani,6,3,28.1,0,0,0,14
2024-03-24,Sandwich,6,3,28.1,0,0,0,21
2024-03-24,Tea,6,3,28.1,0,0,0,56
2024-03-24,Cold Coffee,6,3,28.1,0,0,0,20
2024-03-25,Samosa,0,3,27.2,0,0,1,35
2024-03-25,Veg Burger,0,3,27.2,0,0,1,19
2024-03-25,Masala Dosa,0,3,27.2,0,0,1,25
2024-03-25,Chole Bhature,0,3,27.2,0,0,1,20
2024-03-25,Veg Biryani,0,3,27.2,0,0,1,19
2024-03-25,Sandwich,0,3,27.2,0,0,1,21
2024-03-25,Tea,0,3,27.2,0,0,1,64
2024-03-25,Cold Coffee,0,3,27.2,0,0,1,24
2024-03-26,Samosa,1,3,26.3,0,0,0,120
2024-03-26,Veg Burger,1,3,26.3,0,0,0,74
2024-03-26,Masala Dosa,1,3,26.3,0,0,0,82
2024-03-26,Chole Bhature,1,3,26.3,0,0,0,82
2024-03-26,Veg Biryani,1,3,26.3,0,0,0,61
2024-03-26,Sandwich,1,3,26.3,0,0,0,78
2024-03-26,Tea,1,3,26.3,0,0,0,212
2024-03-26,Cold Coffee,1,3,26.3,0,0,0,95
2024-03-27,Samosa,2,3,26.7,0,0,0,115
2024-03-27,Veg Burger,2,3,26.7,0,0,0,73
2024-03-27,Masala Dosa,2,3,26.7,0,0,0,86
2024-03-27,Chole Bhature,2,3,26.7,0,0,0,92
2024-03-27,Veg Biryani,2,3,26.7,0,0,0,59
2024-03-27,Sandwich,2,3,26.7,0,0,0,73
2024-03-27,Tea,2,3,26.7,0,0,0,186
2024-03-27,Cold Coffee,2,3,26.7,0,0,0,86
2024-03-28,Samosa,3,3,30.1,0,0,0,115
2024-03-28,Veg Burger,3,3,30.1,0,0,0,74
2024-03-28,Masala Dosa,3,3,30.1,0,0,0,91
2024-03-28,Chole Bhature,3,3,30.1,0,0,0,70
2024-03-28,Veg Biryani,3,3,30.1,0,0,0,67
2024-03-28,Sandwich,3,3,30.1,0,0,0,86
2024-03-28,Tea,3,3,30.1,0,0,0,182
2024-03-28,Cold Coffee,3,3,30.1,0,0,0,89
2024-03-29,Samosa,4,3,28.6,0,0,0,123
2024-03-29,Veg Burger,4,3,28.6,0,0,0,65
2024-03-29,Masala Dosa,4,3,28.6,0,0,0,91
2024-03-29,Chole Bhature,4,3,28.6,0,0,0,69
2024-03-29,Veg Biryani,4,3,28.6,0,0,0,62
2024-03-29,Sandwich,4,3,28.6,0,0,0,80
2024-03-29,Tea,4,3,28.6,0,0,0,183
2024-03-29,Cold Coffee,4,3,28.6,0,0,0,81
2024-03-30,Samosa,5,3,28.0,0,0,0,63
2024-03-30,Veg Burger,5,3,28.0,0,0,0,39
2024-03-30,Masala Dosa,5,3,28.0,0,0,0,49
2024-03-30,Chole Bhature,5,3,28.0,0,0,0,48
2024-03-30,Veg Biryani,5,3,28.0,0,0,0,40
2024-03-30,Sandwich,5,3,28.0,0,0,0,39
2024-03-30,Tea,5,3,28.0,0,0,0,106
2024-03-30,Cold Coffee,5,3,28.0,0,0,0,51
2024-03-31,Samosa,6,3,29.4,0,0,0,34
2024-03-31,Veg Burger,6,3,29.4,0,0,0,18
2024-03-31,Masala Dosa,6,3,29.4,0,0,0,23
2024-03-31,Chole Bhature,6,3,29.4,0,0,0,21
2024-03-31,Veg Biryani,6,3,29.4,0,0,0,16
2024-03-31,Sandwich,6,3,29.4,0,0,0,19
2024-03-31,Tea,6,3,29.4,0,0,0,51
2024-03-31,Cold Coffee,6,3,29.4,0,0,0,23
2024-04-01,Samosa,0,4,33.7,0,0,0,133
2024-04-01,Veg Burger,0,4,33.7,0,0,0,74
2024-04-01,Masala Dosa,0,4,33.7,0,0,0,89
2024-04-01,Chole Bhature,0,4,33.7,0,0,0,81
2024-04-01,Veg Biryani,0,4,33.7,0,0,0,76
2024-04-01,Sandwich,0,4,33.7,0,0,0,70
2024-04-01,Tea,0,4,33.7,0,0,0,182
2024-04-01,Cold Coffee,0,4,33.7,0,0,0,101
2024-04-02,Samosa,1,4,32.1,1,0,0,172
2024-04-02,Veg Burger,1,4,32.1,1,0,0,75
2024-04-02,Masala Dosa,1,4,32.1,1,0,0,79
2024-04-02,Chole Bhature,1,4,32.1,1,0,0,80
2024-04-02,Veg Biryani,1,4,32.1,1,0,0,60
2024-04-02,Sandwich,1,4,32.1,1,0,0,80
2024-04-02,Tea,1,4,32.1,1,0,0,213
2024-04-02,Cold Coffee,1,4,32.1,1,0,0,89
2024-04-03,Samosa,2,4,32.4,0,0,0,122
2024-04-03,Veg Burger,2,4,32.4,0,0,0,79
2024-04-03,Masala Dosa,2,4,32.4,0,0,0,89
2024-04-03,Chole Bhature,2,4,32.4,0,0,0,98
2024-04-03,Veg Biryani,2,4,32.4,0,0,0,63
2024-04-03,Sandwich,2,4,32.4,0,0,0,76
2024-04-03,Tea,2,4,32.4,0,0,0,176
2024-04-03,Cold Coffee,2,4,32.4,0,0,0,102
2024-04-04,Samosa,3,4,34.1,1,0,0,143
2024-04-04,Veg Burger,3,4,34.1,1,0,0,60
2024-04-04,Masala Dosa,3,4,34.1,1,0,0,97
2024-04-04,Chole Bhature,3,4,34.1,1,0,0,77
2024-04-04,Veg Biryani,3,4,34.1,1,0,0,61
2024-04-04,Sandwich,3,4,34.1,1,0,0,77
2024-04-04,Tea,3,4,34.1,1,0,0,219
2024-04-04,Cold Coffee,3,4,34.1,1,0,0,84
2024-04-05,Samosa,4,4,27.9,0,0,0,115
2024-04-05,Veg Burger,4,4,27.9,0,0,0,81
2024-04-05,Masala Dosa,4,4,27.9,0,0,0,80
2024-04-05,Chole Bhature,4,4,27.9,0,0,0,66
2024-04-05,Veg Biryani,4,4,27.9,0,0,0,71
2024-04-05,Sandwich,4,4,27.9,0,0,0,72
2024-04-05,Tea,4,4,27.9,0,0,0,184
2024-04-05,Cold Coffee,4,4,27.9,0,0,0,89
2024-04-06,Samosa,5,4,32.5,0,0,0,63
2024-04-06,Veg Burger,5,4,32.5,0,0,0,38
2024-04-06,Masala Dosa,5,4,32.5,0,0,0,45
2024-04-06,Chole Bhature,5,4,32.5,0,0,0,44
2024-04-06,Veg Biryani,5,4,32.5,0,0,0,35
2024-04-06,Sandwich,5,4,32.5,0,0,0,37
2024-04-06,Tea,5,4,32.5,0,0,0,113
2024-04-06,Cold Coffee,5,4,32.5,0,0,0,59
2024-04-07,Samosa,6,4,31.6,0,0,0,27
2024-04-07,Veg Burger,6,4,31.6,0,0,0,20
2024-04-07,Masala Dosa,6,4,31.6,0,0,0,22
2024-04-07,Chole Bhature,6,4,31.6,0,0,0,22
2024-04-07,Veg Biryani,6,4,31.6,0,0,0,15
2024-04-07,Sandwich,6,4,31.6,0,0,0,19
2024-04-07,Tea,6,4,31.6,0,0,0,49
2024-04-07,Cold Coffee,6,4,31.6,0,0,0,25
2024-04-08,Samosa,0,4,33.3,0,0,0,133
2024-04-08,Veg Burger,0,4,33.3,0,0,0,77
2024-04-08,Masala Dosa,0,4,33.3,0,0,0,94
2024-04-08,Chole Bhature,0,4,33.3,0,0,0,73
2024-04-08,Veg Biryani,0,4,33.3,0,0,0,69
2024-04-08,Sandwich,0,4,33.3,0,0,0,77
2024-04-08,Tea,0,4,33.3,0,0,0,168
2024-04-08,Cold Coffee,0,4,33.3,0,0,0,92
2024-04-09,Samosa,1,4,31.4,0,0,0,121
2024-04-09,Veg Burger,1,4,31.4,0,0,0,66
2024-04-09,Masala Dosa,1,4,31.4,0,0,0,96
2024-04-09,Chole Bhature,1,4,31.4,0,0,0,76
2024-04-09,Veg Biryani,1,4,31.4,0,0,0,58
2024-04-09,Sandwich,1,4,31.4,0,0,0,64
2024-04-09,Tea,1,4,31.4,0,0,0,180
2024-04-09,Cold Coffee,1,4,31.4,0,0,0,78
2024-04-10,Samosa,2,4,28.8,0,0,0,127
2024-04-10,Veg Burger,2,4,28.8,0,0,0,72
2024-04-10,Masala Dosa,2,4,28.8,0,0,0,93
2024-04-10,Chole Bhature,2,4,28.8,0,0,0,96
2024-04-10,Veg Biryani,2,4,28.8,0,0,0,57
2024-04-10,Sandwich,2,4,28.8,0,0,0,73
2024-04-10,Tea,2,4,28.8,0,0,0,190
2024-04-10,Cold Coffee,2,4,28.8,0,0,0,105
2024-04-11,Samosa,3,4,32.0,0,0,0,118
2024-04-11,Veg Burger,3,4,32.0,0,0,0,70
2024-04-11,Masala Dosa,3,4,32.0,0,0,0,92
2024-04-11,Chole Bhature,3,4,32.0,0,0,0,67
2024-04-11,Veg Biryani,3,4,32.0,0,0,0,59
2024-04-11,Sandwich,3,4,32.0,0,0,0,71
2024-04-11,Tea,3,4,32.0,0,0,0,169
2024-04-11,Cold Coffee,3,4,32.0,0,0,0,96
2024-04-12,Samosa,4,4,35.6,0,0,0,126
2024-04-12,Veg Burger,4,4,35.6,0,0,0,67
2024-04-12,Masala Dosa,4,4,35.6,0,0,0,87
2024-04-12,Chole Bhature,4,4,35.6,0,0,0,82
2024-04-12,Veg Biryani,4,4,35.6,0,0,0,65
2024-04-12,Sandwich,4,4,35.6,0,0,0,86
2024-04-12,Tea,4,4,35.6,0,0,0,174
2024-04-12,Cold Coffee,4,4,35.6,0,0,0,114
2024-04-13,Samosa,5,4,33.4,0,0,0,72
2024-04-13,Veg Burger,5,4,33.4,0,0,0,37
2024-04-13,Masala Dosa,5,4,33.4,0,0,0,55
2024-04-13,Chole Bhature,5,4,33.4,0,0,0,45
2024-04-13,Veg Biryani,5,4,33.4,0,0,0,38
2024-04-13,Sandwich,5,4,33.4,0,0,0,39
2024-04-13,Tea,5,4,33.4,0,0,0,112
2024-04-13,Cold Coffee,5,4,33.4,0,0,0,58
2024-04-14,Samosa,6,4,30.7,0,0,0,29
2024-04-14,Veg Burger,6,4,30.7,0,0,0,16
2024-04-14,Masala Dosa,6,4,30.7,0,0,0,22
2024-04-14,Chole Bhature,6,4,30.7,0,0,0,21
2024-04-14,Veg Biryani,6,4,30.7,0,0,0,16
2024-04-14,Sandwich,6,4,30.7,0,0,0,23
2024-04-14,Tea,6,4,30.7,0,0,0,47
2024-04-14,Cold Coffee,6,4,30.7,0,0,0,22
2024-04-15,Samosa,0,4,33.5,0,0,0,120
2024-04-15,Veg Burger,0,4,33.5,0,0,0,71
2024-04-15,Masala Dosa,0,4,33.5,0,0,0,94
2024-04-15,Chole Bhature,0,4,33.5,0,0,0,73
2024-04-15,Veg Biryani,0,4,33.5,0,0,0,68
2024-04-15,Sandwich,0,4,33.5,0,0,0,65
2024-04-15,Tea,0,4,33.5,0,0,0,184
2024-04-15,Cold Coffee,0,4,33.5,0,0,0,109
2024-04-16,Samosa,1,4,31.0,0,0,0,135
2024-04-16,Veg Burger,1,4,31.0,0,0,0,61
2024-04-16,Masala Dosa,1,4,31.0,0,0,0,104
2024-04-16,Chole Bhature,1,4,31.0,0,0,0,79
2024-04-16,Veg Biryani,1,4,31.0,0,0,0,69
2024-04-16,Sandwich,1,4,31.0,0,0,0,65
2024-04-16,Tea,1,4,31.0,0,0,0,179
2024-04-16,Cold Coffee,1,4,31.0,0,0,0,101
2024-04-17,Samosa,2,4,32.4,0,0,0,134
2024-04-17,Veg Burger,2,4,32.4,0,0,0,78
2024-04-17,Masala Dosa,2,4,32.4,0,0,0,85
2024-04-17,Chole Bhature,2,4,32.4,0,0,0,99
2024-04-17,Veg Biryani,2,4,32.4,0,0,0,62
2024-04-17,Sandwich,2,4,32.4,0,0,0,77
2024-04-17,Tea,2,4,32.4,0,0,0,174
2024-04-17,Cold Coffee,2,4,32.4,0,0,0,95
2024-04-18,Samosa,3,4,31.9,0,0,0,131
2024-04-18,Veg Burger,3,4,31.9,0,0,0,69
2024-04-18,Masala Dosa,3,4,31.9,0,0,0,98
2024-04-18,Chole Bhature,3,4,31.9,0,0,0,66
2024-04-18,Veg Biryani,3,4,31.9,0,0,0,61
2024-04-18,Sandwich,3,4,31.9,0,0,0,68
2024-04-18,Tea,3,4,31.9,0,0,0,189
2024-04-18,Cold Coffee,3,4,31.9,0,0,0,101
2024-04-19,Samosa,4,4,31.8,0,0,0,108
2024-04-19,Veg Burger,4,4,31.8,0,0,0,77
2024-04-19,Masala Dosa,4,4,31.8,0,0,0,87
2024-04-19,Chole Bhature,4,4,31.8,0,0,0,82
2024-04-19,Veg Biryani,4,4,31.8,0,0,0,69
2024-04-19,Sandwich,4,4,31.8,0,0,0,78
2024-04-19,Tea,4,4,31.8,0,0,0,186
2024-04-19,Cold Coffee,4,4,31.8,0,0,0,88
2024-04-20,Samosa,5,4,34.0,0,0,0,63
2024-04-20,Veg Burger,5,4,34.0,0,0,0,40
2024-04-20,Masala Dosa,5,4,34.0,0,0,0,44
2024-04-20,Chole Bhature,5,4,34.0,0,0,0,41
2024-04-20,Veg Biryani,5,4,34.0,0,0,0,34
2024-04-20,Sandwich,5,4,34.0,0,0,0,44
2024-04-20,Tea,5,4,34.0,0,0,0,106
2024-04-20,Cold Coffee,5,4,34.0,0,0,0,64
2024-04-21,Samosa,6,4,31.8,0,0,0,32
2024-04-21,Veg Burger,6,4,31.8,0,0,0,18
2024-04-21,Masala Dosa,6,4,31.8,0,0,0,22
2024-04-21,Chole Bhature,6,4,31.8,0,0,0,20
2024-04-21,Veg Biryani,6,4,31.8,0,0,0,15
2024-04-21,Sandwich,6,4,31.8,0,0,0,19
2024-04-21,Tea,6,4,31.8,0,0,0,49
2024-04-21,Cold Coffee,6,4,31.8,0,0,0,25
2024-04-22,Samosa,0,4,33.5,0,0,0,119
2024-04-22,Veg Burger,0,4,33.5,0,0,0,67
2024-04-22,Masala Dosa,0,4,33.5,0,0,0,90
2024-04-22,Chole Bhature,0,4,33.5,0,0,0,81
2024-04-22,Veg Biryani,0,4,33.5,0,0,0,71
2024-04-22,Sandwich,0,4,33.5,0,0,0,74
2024-04-22,Tea,0,4,33.5,0,0,0,193
2024-04-22,Cold Coffee,0,4,33.5,0,0,0,86
2024-04-23,Samosa,1,4,37.9,0,0,0,131
2024-04-23,Veg Burger,1,4,37.9,0,0,0,64
2024-04-23,Masala Dosa,1,4,37.9,0,0,0,94
2024-04-23,Chole Bhature,1,4,37.9,0,0,0,73
2024-04-23,Veg Biryani,1,4,37.9,0,0,0,57
2024-04-23,Sandwich,1,4,37.9,0,0,0,86
2024-04-23,Tea,1,4,37.9,0,0,0,158
2024-04-23,Cold Coffee,1,4,37.9,0,0,0,121
2024-04-24,Samosa,2,4,33.7,0,0,0,125
2024-04-24,Veg Burger,2,4,33.7,0,0,0,70
2024-04-24,Masala Dosa,2,4,33.7,0,0,0,104
2024-04-24,Chole Bhature,2,4,33.7,0,0,0,103
2024-04-24,Veg Biryani,2,4,33.7,0,0,0,61
2024-04-24,Sandwich,2,4,33.7,0,0,0,72
2024-04-24,Tea,2,4,33.7,0,0,0,178
2024-04-24,Cold Coffee,2,4,33.7,0,0,0,106
2024-04-25,Samosa,3,4,32.9,0,0,0,126
2024-04-25,Veg Burger,3,4,32.9,0,0,0,64
2024-04-25,Masala Dosa,3,4,32.9,0,0,0,102
2024-04-25,Chole Bhature,3,4,32.9,0,0,0,73
2024-04-25,Veg Biryani,3,4,32.9,0,0,0,61
2024-04-25,Sandwich,3,4,32.9,0,0,0,70
2024-04-25,Tea,3,4,32.9,0,0,0,179
2024-04-25,Cold Coffee,3,4,32.9,0,0,0,104
2024-04-26,Samosa,4,4,32.6,0,0,0,124
2024-04-26,Veg Burger,4,4,32.6,0,0,0,73
2024-04-26,Masala Dosa,4,4,32.6,0,0,0,93
2024-04-26,Chole Bhature,4,4,32.6,0,0,0,69
2024-04-26,Veg Biryani,4,4,32.6,0,0,0,64
2024-04-26,Sandwich,4,4,32.6,0,0,0,81
2024-04-26,Tea,4,4,32.6,0,0,0,190
2024-04-26,Cold Coffee,4,4,32.6,0,0,0,106
2024-04-27,Samosa,5,4,33.3,0,0,0,65
2024-04-27,Veg Burger,5,4,33.3,0,0,0,39
2024-04-27,Masala Dosa,5,4,33.3,0,0,0,49
2024-04-27,Chole Bhature,5,4,33.3,0,0,0,44
2024-04-27,Veg Biryani,5,4,33.3,0,0,0,30
2024-04-27,Sandwich,5,4,33.3,0,0,0,36
2024-04-27,Tea,5,4,33.3,0,0,0,111
2024-04-27,Cold Coffee,5,4,33.3,0,0,0,53
2024-04-28,Samosa,6,4,30.0,0,0,0,25
2024-04-28,Veg Burger,6,4,30.0,0,0,0,16
2024-04-28,Masala Dosa,6,4,30.0,0,0,0,21
2024-04-28,Chole Bhature,6,4,30.0,0,0,0,20
2024-04-28,Veg Biryani,6,4,30.0,0,0,0,14
2024-04-28,Sandwich,6,4,30.0,0,0,0,20
2024-04-28,Tea,6,4,30.0,0,0,0,54
2024-04-28,Cold Coffee,6,4,30.0,0,0,0,19
2024-04-29,Samosa,0,4,30.6,0,0,0,96
2024-04-29,Veg Burger,0,4,30.6,0,0,0,83
2024-04-29,Masala Dosa,0,4,30.6,0,0,0,80
2024-04-29,Chole Bhature,0,4,30.6,0,0,0,69
2024-04-29,Veg Biryani,0,4,30.6,0,0,0,75
2024-04-29,Sandwich,0,4,30.6,0,0,0,90
2024-04-29,Tea,0,4,30.6,0,0,0,211
2024-04-29,Cold Coffee,0,4,30.6,0,0,0,98
2024-04-30,Samosa,1,4,33.2,0,0,0,128
2024-04-30,Veg Burger,1,4,33.2,0,0,0,69
2024-04-30,Masala Dosa,1,4,33.2,0,0,0,93
2024-04-30,Chole Bhature,1,4,33.2,0,0,0,79
2024-04-30,Veg Biryani,1,4,33.2,0,0,0,63
2024-04-30,Sandwich,1,4,33.2,0,0,0,75
2024-04-30,Tea,1,4,33.2,0,0,0,166
2024-04-30,Cold Coffee,1,4,33.2,0,0,0,96
2024-05-01,Samosa,2,5,33.0,0,1,0,110
2024-05-01,Veg Burger,2,5,33.0,0,1,0,70
2024-05-01,Masala Dosa,2,5,33.0,0,1,0,87
2024-05-01,Chole Bhature,2,5,33.0,0,1,0,76
2024-05-01,Veg Biryani,2,5,33.0,0,1,0,50
2024-05-01,Sandwich,2,5,33.0,0,1,0,73
2024-05-01,Tea,2,5,33.0,0,1,0,199
2024-05-01,Cold Coffee,2,5,33.0,0,1,0,100
2024-05-02,Samosa,3,5,36.0,0,1,0,100
2024-05-02,Veg Burger,3,5,36.0,0,1,0,72
2024-05-02,Masala Dosa,3,5,36.0,0,1,0,82
2024-05-02,Chole Bhature,3,5,36.0,0,1,0,73
2024-05-02,Veg Biryani,3,5,36.0,0,1,0,50
2024-05-02,Sandwich,3,5,36.0,0,1,0,75
2024-05-02,Tea,3,5,36.0,0,1,0,200
2024-05-02,Cold Coffee,3,5,36.0,0,1,0,107
2024-05-03,Samosa,4,5,35.1,0,1,0,109
2024-05-03,Veg Burger,4,5,35.1,0,1,0,66
2024-05-03,Masala Dosa,4,5,35.1,0,1,0,81
2024-05-03,Chole Bhature,4,5,35.1,0,1,0,72
2024-05-03,Veg Biryani,4,5,35.1,0,1,0,59
2024-05-03,Sandwich,4,5,35.1,0,1,0,64
2024-05-03,Tea,4,5,35.1,0,1,0,183
2024-05-03,Cold Coffee,4,5,35.1,0,1,0,124
2024-05-04,Samosa,5,5,32.4,0,1,0,56
2024-05-04,Veg Burger,5,5,32.4,0,1,0,37
2024-05-04,Masala Dosa,5,5,32.4,0,1,0,43
2024-05-04,Chole Bhature,5,5,32.4,0,1,0,45
2024-05-04,Veg Biryani,5,5,32.4,0,1,0,28
2024-05-04,Sandwich,5,5,32.4,0,1,0,38
2024-05-04,Tea,5,5,32.4,0,1,0,113
2024-05-04,Cold Coffee,5,5,32.4,0,1,0,65
2024-05-05,Samosa,6,5,32.5,0,1,0,28
2024-05-05,Veg Burger,6,5,32.5,0,1,0,16
2024-05-05,Masala Dosa,6,5,32.5,0,1,0,20
2024-05-05,Chole Bhature,6,5,32.5,0,1,0,18
2024-05-05,Veg Biryani,6,5,32.5,0,1,0,14
2024-05-05,Sandwich,6,5,32.5,0,1,0,17
2024-05-05,Tea,6,5,32.5,0,1,0,59
2024-05-05,Cold Coffee,6,5,32.5,0,1,0,30
2024-05-06,Samosa,0,5,33.8,0,1,0,96
2024-05-06,Veg Burger,0,5,33.8,0,1,0,65
2024-05-06,Masala Dosa,0,5,33.8,0,1,0,81
2024-05-06,Chole Bhature,0,5,33.8,0,1,0,74
2024-05-06,Veg Biryani,0,5,33.8,0,1,0,58
2024-05-06,Sandwich,0,5,33.8,0,1,0,60
2024-05-06,Tea,0,5,33.8,0,1,0,180
2024-05-06,Cold Coffee,0,5,33.8,0,1,0,113
2024-05-07,Samosa,1,5,37.1,0,1,0,113
2024-05-07,Veg Burger,1,5,37.1,0,1,0,71
2024-05-07,Masala Dosa,1,5,37.1,0,1,0,79
2024-05-07,Chole Bhature,1,5,37.1,0,1,0,71
2024-05-07,Veg Biryani,1,5,37.1,0,1,0,51
2024-05-07,Sandwich,1,5,37.1,0,1,0,62
2024-05-07,Tea,1,5,37.1,0,1,0,186
2024-05-07,Cold Coffee,1,5,37.1,0,1,0,105
2024-05-08,Samosa,2,5,35.0,1,1,0,132
2024-05-08,Veg Burger,2,5,35.0,1,1,0,60
2024-05-08,Masala Dosa,2,5,35.0,1,1,0,86
2024-05-08,Chole Bhature,2,5,35.0,1,1,0,94
2024-05-08,Veg Biryani,2,5,35.0,1,1,0,54
2024-05-08,Sandwich,2,5,35.0,1,1,0,70
2024-05-08,Tea,2,5,35.0,1,1,0,314
2024-05-08,Cold Coffee,2,5,35.0,1,1,0,79
2024-05-09,Samosa,3,5,32.5,0,1,0,122
2024-05-09,Veg Burger,3,5,32.5,0,1,0,65
2024-05-09,Masala Dosa,3,5,32.5,0,1,0,76
2024-05-09,Chole Bhature,3,5,32.5,0,1,0,72
2024-05-09,Veg Biryani,3,5,32.5,0,1,0,56
2024-05-09,Sandwich,3,5,32.5,0,1,0,68
2024-05-09,Tea,3,5,32.5,0,1,0,228
2024-05-09,Cold Coffee,3,5,32.5,0,1,0,93
2024-05-10,Samosa,4,5,35.3,0,1,0,96
2024-05-10,Veg Burger,4,5,35.3,0,1,0,71
2024-05-10,Masala Dosa,4,5,35.3,0,1,0,79
2024-05-10,Chole Bhature,4,5,35.3,0,1,0,80
2024-05-10,Veg Biryani,4,5,35.3,0,1,0,56
2024-05-10,Sandwich,4,5,35.3,0,1,0,65
2024-05-10,Tea,4,5,35.3,0,1,0,182
2024-05-10,Cold Coffee,4,5,35.3,0,1,0,110
2024-05-11,Samosa,5,5,36.5,0,1,0,70
2024-05-11,Veg Burger,5,5,36.5,0,1,0,36
2024-05-11,Masala Dosa,5,5,36.5,0,1,0,45
2024-05-11,Chole Bhature,5,5,36.5,0,1,0,39
2024-05-11,Veg Biryani,5,5,36.5,0,1,0,30
2024-05-11,Sandwich,5,5,36.5,0,1,0,37
2024-05-11,Tea,5,5,36.5,0,1,0,116
2024-05-11,Cold Coffee,5,5,36.5,0,1,0,67
2024-05-12,Samosa,6,5,33.4,0,1,0,24
2024-05-12,Veg Burger,6,5,33.4,0,1,0,16
2024-05-12,Masala Dosa,6,5,33.4,0,1,0,21
2024-05-12,Chole Bhature,6,5,33.4,0,1,0,17
2024-05-12,Veg Biryani,6,5,33.4,0,1,0,12
2024-05-12,Sandwich,6,5,33.4,0,1,0,20
2024-05-12,Tea,6,5,33.4,0,1,0,49
2024-05-12,Cold Coffee,6,5,33.4,0,1,0,28
2024-05-13,Samosa,0,5,35.0,0,1,0,109
2024-05-13,Veg Burger,0,5,35.0,0,1,0,63
2024-05-13,Masala Dosa,0,5,35.0,0,1,0,87
2024-05-13,Chole Bhature,0,5,35.0,0,1,0,70
2024-05-13,Veg Biryani,0,5,35.0,0,1,0,63
2024-05-13,Sandwich,0,5,35.0,0,1,0,69
2024-05-13,Tea,0,5,35.0,0,1,0,195
2024-05-13,Cold Coffee,0,5,35.0,0,1,0,117
2024-05-14,Samosa,1,5,34.6,0,1,0,101
2024-05-14,Veg Burger,1,5,34.6,0,1,0,58
2024-05-14,Masala Dosa,1,5,34.6,0,1,0,90
2024-05-14,Chole Bhature,1,5,34.6,0,1,0,72
2024-05-14,Veg Biryani,1,5,34.6,0,1,0,55
2024-05-14,Sandwich,1,5,34.6,0,1,0,66
2024-05-14,Tea,1,5,34.6,0,1,0,212
2024-05-14,Cold Coffee,1,5,34.6,0,1,0,129
2024-05-15,Samosa,2,5,34.3,0,1,0,108
2024-05-15,Veg Burger,2,5,34.3,0,1,0,56
2024-05-15,Masala Dosa,2,5,34.3,0,1,0,74
2024-05-15,Chole Bhature,2,5,34.3,0,1,0,84
2024-05-15,Veg Biryani,2,5,34.3,0,1,0,51
2024-05-15,Sandwich,2,5,34.3,0,1,0,66
2024-05-15,Tea,2,5,34.3,0,1,0,211
2024-05-15,Cold Coffee,2,5,34.3,0,1,0,111
2024-05-16,Samosa,3,5,34.8,0,1,0,112
2024-05-16,Veg Burger,3,5,34.8,0,1,0,48
2024-05-16,Masala Dosa,3,5,34.8,0,1,0,83
2024-05-16,Chole Bhature,3,5,34.8,0,1,0,74
2024-05-16,Veg Biryani,3,5,34.8,0,1,0,51
2024-05-16,Sandwich,3,5,34.8,0,1,0,70
2024-05-16,Tea,3,5,34.8,0,1,0,186
2024-05-16,Cold Coffee,3,5,34.8,0,1,0,100
2024-05-17,Samosa,4,5,35.8,1,1,0,138
2024-05-17,Veg Burger,4,5,35.8,1,1,0,71
2024-05-17,Masala Dosa,4,5,35.8,1,1,0,82
2024-05-17,Chole Bhature,4,5,35.8,1,1,0,70
2024-05-17,Veg Biryani,4,5,35.8,1,1,0,59
2024-05-17,Sandwich,4,5,35.8,1,1,0,66
2024-05-17,Tea,4,5,35.8,1,1,0,255
2024-05-17,Cold Coffee,4,5,35.8,1,1,0,90
2024-05-18,Samosa,5,5,35.2,0,1,0,59
2024-05-18,Veg Burger,5,5,35.2,0,1,0,30
2024-05-18,Masala Dosa,5,5,35.2,0,1,0,48
2024-05-18,Chole Bhature,5,5,35.2,0,1,0,41
2024-05-18,Veg Biryani,5,5,35.2,0,1,0,35
2024-05-18,Sandwich,5,5,35.2,0,1,0,34
2024-05-18,Tea,5,5,35.2,0,1,0,111
2024-05-18,Cold Coffee,5,5,35.2,0,1,0,60
2024-05-19,Samosa,6,5,36.9,0,1,0,24
2024-05-19,Veg Burger,6,5,36.9,0,1,0,13
2024-05-19,Masala Dosa,6,5,36.9,0,1,0,21
2024-05-19,Chole Bhature,6,5,36.9,0,1,0,19
2024-05-19,Veg Biryani,6,5,36.9,0,1,0,13
2024-05-19,Sandwich,6,5,36.9,0,1,0,13
2024-05-19,Tea,6,5,36.9,0,1,0,47
2024-05-19,Cold Coffee,6,5,36.9,0,1,0,30
2024-05-20,Samosa,0,5,32.0,1,1,0,142
2024-05-20,Veg Burger,0,5,32.0,1,1,0,58
2024-05-20,Masala Dosa,0,5,32.0,1,1,0,81
2024-05-20,Chole Bhature,0,5,32.0,1,1,0,61
2024-05-20,Veg Biryani,0,5,32.0,1,1,0,72
2024-05-20,Sandwich,0,5,32.0,1,1,0,61
2024-05-20,Tea,0,5,32.0,1,1,0,286
2024-05-20,Cold Coffee,0,5,32.0,1,1,0,86
2024-05-21,Samosa,1,5,33.2,0,1,0,96
2024-05-21,Veg Burger,1,5,33.2,0,1,0,55
2024-05-21,Masala Dosa,1,5,33.2,0,1,0,91
2024-05-21,Chole Bhature,1,5,33.2,0,1,0,71
2024-05-21,Veg Biryani,1,5,33.2,0,1,0,51
2024-05-21,Sandwich,1,5,33.2,0,1,0,73
2024-05-21,Tea,1,5,33.2,0,1,0,205
2024-05-21,Cold Coffee,1,5,33.2,0,1,0,118
2024-05-22,Samosa,2,5,36.3,1,1,0,135
2024-05-22,Veg Burger,2,5,36.3,1,1,0,63
2024-05-22,Masala Dosa,2,5,36.3,1,1,0,87
2024-05-22,Chole Bhature,2,5,36.3,1,1,0,96
2024-05-22,Veg Biryani,2,5,36.3,1,1,0,59
2024-05-22,Sandwich,2,5,36.3,1,1,0,69
2024-05-22,Tea,2,5,36.3,1,1,0,277
2024-05-22,Cold Coffee,2,5,36.3,1,1,0,86
2024-05-23,Samosa,3,5,35.3,0,1,0,112
2024-05-23,Veg Burger,3,5,35.3,0,1,0,60
2024-05-23,Masala Dosa,3,5,35.3,0,1,0,94
2024-05-23,Chole Bhature,3,5,35.3,0,1,0,73
2024-05-23,Veg Biryani,3,5,35.3,0,1,0,52
2024-05-23,Sandwich,3,5,35.3,0,1,0,68
2024-05-23,Tea,3,5,35.3,0,1,0,183
2024-05-23,Cold Coffee,3,5,35.3,0,1,0,101
2024-05-24,Samosa,4,5,37.3,0,1,0,102
2024-05-24,Veg Burger,4,5,37.3,0,1,0,61
2024-05-24,Masala Dosa,4,5,37.3,0,1,0,78
2024-05-24,Chole Bhature,4,5,37.3,0,1,0,74
2024-05-24,Veg Biryani,4,5,37.3,0,1,0,59
2024-05-24,Sandwich,4,5,37.3,0,1,0,63
2024-05-24,Tea,4,5,37.3,0,1,0,209
2024-05-24,Cold Coffee,4,5,37.3,0,1,0,122
2024-05-25,Samosa,5,5,37.6,0,1,0,58
2024-05-25,Veg Burger,5,5,37.6,0,1,0,34
2024-05-25,Masala Dosa,5,5,37.6,0,1,0,49
2024-05-25,Chole Bhature,5,5,37.6,0,1,0,41
2024-05-25,Veg Biryani,5,5,37.6,0,1,0,31
2024-05-25,Sandwich,5,5,37.6,0,1,0,44
2024-05-25,Tea,5,5,37.6,0,1,0,101
2024-05-25,Cold Coffee,5,5,37.6,0,1,0,70
2024-05-26,Samosa,6,5,35.0,0,1,0,28
2024-05-26,Veg Burger,6,5,35.0,0,1,0,17
2024-05-26,Masala Dosa,6,5,35.0,0,1,0,21
2024-05-26,Chole Bhature,6,5,35.0,0,1,0,17
2024-05-26,Veg Biryani,6,5,35.0,0,1,0,14
2024-05-26,Sandwich,6,5,35.0,0,1,0,18
2024-05-26,Tea,6,5,35.0,0,1,0,51
2024-05-26,Cold Coffee,6,5,35.0,0,1,0,26
2024-05-27,Samosa,0,5,32.4,0,1,0,126
2024-05-27,Veg Burger,0,5,32.4,0,1,0,57
2024-05-27,Masala Dosa,0,5,32.4,0,1,0,80
2024-05-27,Chole Bhature,0,5,32.4,0,1,0,70
2024-05-27,Veg Biryani,0,5,32.4,0,1,0,64
2024-05-27,Sandwich,0,5,32.4,0,1,0,72
2024-05-27,Tea,0,5,32.4,0,1,0,234
2024-05-27,Cold Coffee,0,5,32.4,0,1,0,95
2024-05-28,Samosa,1,5,34.6,0,1,0,110
2024-05-28,Veg Burger,1,5,34.6,0,1,0,69
2024-05-28,Masala Dosa,1,5,34.6,0,1,0,80
2024-05-28,Chole Bhature,1,5,34.6,0,1,0,77
2024-05-28,Veg Biryani,1,5,34.6,0,1,0,57
2024-05-28,Sandwich,1,5,34.6,0,1,0,62
2024-05-28,Tea,1,5,34.6,0,1,0,217
2024-05-28,Cold Coffee,1,5,34.6,0,1,0,110
2024-05-29,Samosa,2,5,35.0,0,1,0,111
2024-05-29,Veg Burger,2,5,35.0,0,1,0,60
2024-05-29,Masala Dosa,2,5,35.0,0,1,0,78
2024-05-29,Chole Bhature,2,5,35.0,0,1,0,90
2024-05-29,Veg Biryani,2,5,35.0,0,1,0,59
2024-05-29,Sandwich,2,5,35.0,0,1,0,68
2024-05-29,Tea,2,5,35.0,0,1,0,211
2024-05-29,Cold Coffee,2,5,35.0,0,1,0,124
2024-05-30,Samosa,3,5,35.4,0,1,0,130
2024-05-30,Veg Burger,3,5,35.4,0,1,0,72
2024-05-30,Masala Dosa,3,5,35.4,0,1,0,85
2024-05-30,Chole Bhature,3,5,35.4,0,1,0,74
2024-05-30,Veg Biryani,3,5,35.4,0,1,0,58
2024-05-30,Sandwich,3,5,35.4,0,1,0,64
2024-05-30,Tea,3,5,35.4,0,1,0,212
2024-05-30,Cold Coffee,3,5,35.4,0,1,0,108
2024-05-31,Samosa,4,5,34.9,0,1,0,106
2024-05-31,Veg Burger,4,5,34.9,0,1,0,59
2024-05-31,Masala Dosa,4,5,34.9,0,1,0,77
2024-05-31,Chole Bhature,4,5,34.9,0,1,0,75
2024-05-31,Veg Biryani,4,5,34.9,0,1,0,70
2024-05-31,Sandwich,4,5,34.9,0,1,0,70
2024-05-31,Tea,4,5,34.9,0,1,0,187
2024-05-31,Cold Coffee,4,5,34.9,0,1,0,112
2024-06-01,Samosa,5,6,38.4,0,0,0,63
2024-06-01,Veg Burger,5,6,38.4,0,0,0,34
2024-06-01,Masala Dosa,5,6,38.4,0,0,0,45
2024-06-01,Chole Bhature,5,6,38.4,0,0,0,42
2024-06-01,Veg Biryani,5,6,38.4,0,0,0,31
2024-06-01,Sandwich,5,6,38.4,0,0,0,39
2024-06-01,Tea,5,6,38.4,0,0,0,73
2024-06-01,Cold Coffee,5,6,38.4,0,0,0,69
2024-06-02,Samosa,6,6,36.7,0,0,0,27
2024-06-02,Veg Burger,6,6,36.7,0,0,0,15
2024-06-02,Masala Dosa,6,6,36.7,0,0,0,20
2024-06-02,Chole Bhature,6,6,36.7,0,0,0,22
2024-06-02,Veg Biryani,6,6,36.7,0,0,0,14
2024-06-02,Sandwich,6,6,36.7,0,0,0,23
2024-06-02,Tea,6,6,36.7,0,0,0,39
2024-06-02,Cold Coffee,6,6,36.7,0,0,0,29
2024-06-03,Samosa,0,6,39.1,0,0,0,139
2024-06-03,Veg Burger,0,6,39.1,0,0,0,79
2024-06-03,Masala Dosa,0,6,39.1,0,0,0,97
2024-06-03,Chole Bhature,0,6,39.1,0,0,0,76
2024-06-03,Veg Biryani,0,6,39.1,0,0,0,74
2024-06-03,Sandwich,0,6,39.1,0,0,0,75
2024-06-03,Tea,0,6,39.1,0,0,0,172
2024-06-03,Cold Coffee,0,6,39.1,0,0,0,134
2024-06-04,Samosa,1,6,34.7,0,0,0,121
2024-06-04,Veg Burger,1,6,34.7,0,0,0,78
2024-06-04,Masala Dosa,1,6,34.7,0,0,0,82
2024-06-04,Chole Bhature,1,6,34.7,0,0,0,79
2024-06-04,Veg Biryani,1,6,34.7,0,0,0,57
2024-06-04,Sandwich,1,6,34.7,0,0,0,64
2024-06-04,Tea,1,6,34.7,0,0,0,172
2024-06-04,Cold Coffee,1,6,34.7,0,0,0,107
2024-06-05,Samosa,2,6,39.0,0,0,0,126
2024-06-05,Veg Burger,2,6,39.0,0,0,0,71
2024-06-05,Masala Dosa,2,6,39.0,0,0,0,94
2024-06-05,Chole Bhature,2,6,39.0,0,0,0,110
2024-06-05,Veg Biryani,2,6,39.0,0,0,0,55
2024-06-05,Sandwich,2,6,39.0,0,0,0,73
2024-06-05,Tea,2,6,39.0,0,0,0,159
2024-06-05,Cold Coffee,2,6,39.0,0,0,0,134
2024-06-06,Samosa,3,6,35.4,1,0,0,180
2024-06-06,Veg Burger,3,6,35.4,1,0,0,79
2024-06-06,Masala Dosa,3,6,35.4,1,0,0,86
2024-06-06,Chole Bhature,3,6,35.4,1,0,0,73
2024-06-06,Veg Biryani,3,6,35.4,1,0,0,61
2024-06-06,Sandwich,3,6,35.4,1,0,0,64
2024-06-06,Tea,3,6,35.4,1,0,0,227
2024-06-06,Cold Coffee,3,6,35.4,1,0,0,87
2024-06-07,Samosa,4,6,35.1,0,0,0,105
2024-06-07,Veg Burger,4,6,35.1,0,0,0,68
2024-06-07,Masala Dosa,4,6,35.1,0,0,0,93
2024-06-07,Chole Bhature,4,6,35.1,0,0,0,79
2024-06-07,Veg Biryani,4,6,35.1,0,0,0,77
2024-06-07,Sandwich,4,6,35.1,0,0,0,68
2024-06-07,Tea,4,6,35.1,0,0,0,171
2024-06-07,Cold Coffee,4,6,35.1,0,0,0,111
2024-06-08,Samosa,5,6,35.2,0,0,0,75
2024-06-08,Veg Burger,5,6,35.2,0,0,0,37
2024-06-08,Masala Dosa,5,6,35.2,0,0,0,47
2024-06-08,Chole Bhature,5,6,35.2,0,0,0,46
2024-06-08,Veg Biryani,5,6,35.2,0,0,0,30
2024-06-08,Sandwich,5,6,35.2,0,0,0,42
2024-06-08,Tea,5,6,35.2,0,0,0,100
2024-06-08,Cold Coffee,5,6,35.2,0,0,0,66
2024-06-09,Samosa,6,6,35.8,1,0,0,38
2024-06-09,Veg Burger,6,6,35.8,1,0,0,18
2024-06-09,Masala Dosa,6,6,35.8,1,0,0,22
2024-06-09,Chole Bhature,6,6,35.8,1,0,0,19
2024-06-09,Veg Biryani,6,6,35.8,1,0,0,14
2024-06-09,Sandwich,6,6,35.8,1,0,0,18
2024-06-09,Tea,6,6,35.8,1,0,0,62
2024-06-09,Cold Coffee,6,6,35.8,1,0,0,21
2024-06-10,Samosa,0,6,36.0,1,0,0,126
2024-06-10,Veg Burger,0,6,36.0,1,0,0,75
2024-06-10,Masala Dosa,0,6,36.0,1,0,0,95
2024-06-10,Chole Bhature,0,6,36.0,1,0,0,78
2024-06-10,Veg Biryani,0,6,36.0,1,0,0,69
2024-06-10,Sandwich,0,6,36.0,1,0,0,78
2024-06-10,Tea,0,6,36.0,1,0,0,191
2024-06-10,Cold Coffee,0,6,36.0,1,0,0,86
2024-06-11,Samosa,1,6,37.6,1,0,0,140
2024-06-11,Veg Burger,1,6,37.6,1,0,0,63
2024-06-11,Masala Dosa,1,6,37.6,1,0,0,107
2024-06-11,Chole Bhature,1,6,37.6,1,0,0,81
2024-06-11,Veg Biryani,1,6,37.6,1,0,0,62
2024-06-11,Sandwich,1,6,37.6,1,0,0,70
2024-06-11,Tea,1,6,37.6,1,0,0,205
2024-06-11,Cold Coffee,1,6,37.6,1,0,0,91
2024-06-12,Samosa,2,6,34.9,1,0,0,159
2024-06-12,Veg Burger,2,6,34.9,1,0,0,76
2024-06-12,Masala Dosa,2,6,34.9,1,0,0,83
2024-06-12,Chole Bhature,2,6,34.9,1,0,0,96
2024-06-12,Veg Biryani,2,6,34.9,1,0,0,62
2024-06-12,Sandwich,2,6,34.9,1,0,0,79
2024-06-12,Tea,2,6,34.9,1,0,0,227
2024-06-12,Cold Coffee,2,6,34.9,1,0,0,84
2024-06-13,Samosa,3,6,34.3,0,0,0,121
2024-06-13,Veg Burger,3,6,34.3,0,0,0,63
2024-06-13,Masala Dosa,3,6,34.3,0,0,0,90
2024-06-13,Chole Bhature,3,6,34.3,0,0,0,77
2024-06-13,Veg Biryani,3,6,34.3,0,0,0,70
2024-06-13,Sandwich,3,6,34.3,0,0,0,86
2024-06-13,Tea,3,6,34.3,0,0,0,160
2024-06-13,Cold Coffee,3,6,34.3,0,0,0,100
2024-06-14,Samosa,4,6,36.1,0,0,0,118
2024-06-14,Veg Burger,4,6,36.1,0,0,0,78
2024-06-14,Masala Dosa,4,6,36.1,0,0,0,85
2024-06-14,Chole Bhature,4,6,36.1,0,0,0,75
2024-06-14,Veg Biryani,4,6,36.1,0,0,0,66
2024-06-14,Sandwich,4,6,36.1,0,0,0,69
2024-06-14,Tea,4,6,36.1,0,0,0,169
2024-06-14,Cold Coffee,4,6,36.1,0,0,0,127
2024-06-15,Samosa,5,6,36.6,0,0,0,65
2024-06-15,Veg Burger,5,6,36.6,0,0,0,37
2024-06-15,Masala Dosa,5,6,36.6,0,0,0,52
2024-06-15,Chole Bhature,5,6,36.6,0,0,0,45
2024-06-15,Veg Biryani,5,6,36.6,0,0,0,33
2024-06-15,Sandwich,5,6,36.6,0,0,0,41
2024-06-15,Tea,5,6,36.6,0,0,0,86
2024-06-15,Cold Coffee,5,6,36.6,0,0,0,63
2024-06-16,Samosa,6,6,37.8,0,0,0,31
2024-06-16,Veg Burger,6,6,37.8,0,0,0,16
2024-06-16,Masala Dosa,6,6,37.8,0,0,0,22
2024-06-16,Chole Bhature,6,6,37.8,0,0,0,22
2024-06-16,Veg Biryani,6,6,37.8,0,0,0,15
2024-06-16,Sandwich,6,6,37.8,0,0,0,17
2024-06-16,Tea,6,6,37.8,0,0,0,43
2024-06-16,Cold Coffee,6,6,37.8,0,0,0,28
2024-06-17,Samosa,0,6,39.7,0,0,0,130
2024-06-17,Veg Burger,0,6,39.7,0,0,0,74
2024-06-17,Masala Dosa,0,6,39.7,0,0,0,89
2024-06-17,Chole Bhature,0,6,39.7,0,0,0,72
2024-06-17,Veg Biryani,0,6,39.7,0,0,0,70
2024-06-17,Sandwich,0,6,39.7,0,0,0,81
2024-06-17,Tea,0,6,39.7,0,0,0,161
2024-06-17,Cold Coffee,0,6,39.7,0,0,0,133
2024-06-18,Samosa,1,6,35.1,0,0,0,117
2024-06-18,Veg Burger,1,6,35.1,0,0,0,68
2024-06-18,Masala Dosa,1,6,35.1,0,0,0,83
2024-06-18,Chole Bhature,1,6,35.1,0,0,0,83
2024-06-18,Veg Biryani,1,6,35.1,0,0,0,70
2024-06-18,Sandwich,1,6,35.1,0,0,0,69
2024-06-18,Tea,1,6,35.1,0,0,0,172
2024-06-18,Cold Coffee,1,6,35.1,0,0,0,121
2024-06-19,Samosa,2,6,35.8,0,0,0,124
2024-06-19,Veg Burger,2,6,35.8,0,0,0,76
2024-06-19,Masala Dosa,2,6,35.8,0,0,0,100
2024-06-19,Chole Bhature,2,6,35.8,0,0,0,87
2024-06-19,Veg Biryani,2,6,35.8,0,0,0,59
2024-06-19,Sandwich,2,6,35.8,0,0,0,75
2024-06-19,Tea,2,6,35.8,0,0,0,165
2024-06-19,Cold Coffee,2,6,35.8,0,0,0,128
2024-06-20,Samosa,3,6,36.4,0,0,0,122
2024-06-20,Veg Burger,3,6,36.4,0,0,0,68
2024-06-20,Masala Dosa,3,6,36.4,0,0,0,92
2024-06-20,Chole Bhature,3,6,36.4,0,0,0,78
2024-06-20,Veg Biryani,3,6,36.4,0,0,0,61
2024-06-20,Sandwich,3,6,36.4,0,0,0,83
2024-06-20,Tea,3,6,36.4,0,0,0,153
2024-06-20,Cold Coffee,3,6,36.4,0,0,0,124
2024-06-21,Samosa,4,6,38.6,0,0,0,119
2024-06-21,Veg Burger,4,6,38.6,0,0,0,69
2024-06-21,Masala Dosa,4,6,38.6,0,0,0,74
2024-06-21,Chole Bhature,4,6,38.6,0,0,0,77
2024-06-21,Veg Biryani,4,6,38.6,0,0,0,74
2024-06-21,Sandwich,4,6,38.6,0,0,0,78
2024-06-21,Tea,4,6,38.6,0,0,0,147
2024-06-21,Cold Coffee,4,6,38.6,0,0,0,116
2024-06-22,Samosa,5,6,35.2,1,0,0,97
2024-06-22,Veg Burger,5,6,35.2,1,0,0,38
2024-06-22,Masala Dosa,5,6,35.2,1,0,0,54
2024-06-22,Chole Bhature,5,6,35.2,1,0,0,49
2024-06-22,Veg Biryani,5,6,35.2,1,0,0,36
2024-06-22,Sandwich,5,6,35.2,1,0,0,40
2024-06-22,Tea,5,6,35.2,1,0,0,126
2024-06-22,Cold Coffee,5,6,35.2,1,0,0,48
2024-06-23,Samosa,6,6,34.2,0,0,0,31
2024-06-23,Veg Burger,6,6,34.2,0,0,0,19
2024-06-23,Masala Dosa,6,6,34.2,0,0,0,20
2024-06-23,Chole Bhature,6,6,34.2,0,0,0,19
2024-06-23,Veg Biryani,6,6,34.2,0,0,0,16
2024-06-23,Sandwich,6,6,34.2,0,0,0,18
2024-06-23,Tea,6,6,34.2,0,0,0,47
2024-06-23,Cold Coffee,6,6,34.2,0,0,0,29
2024-06-24,Samosa,0,6,38.0,0,0,0,110
2024-06-24,Veg Burger,0,6,38.0,0,0,0,66
2024-06-24,Masala Dosa,0,6,38.0,0,0,0,94
2024-06-24,Chole Bhature,0,6,38.0,0,0,0,81
2024-06-24,Veg Biryani,0,6,38.0,0,0,0,71
2024-06-24,Sandwich,0,6,38.0,0,0,0,78
2024-06-24,Tea,0,6,38.0,0,0,0,168
2024-06-24,Cold Coffee,0,6,38.0,0,0,0,130
2024-06-25,Samosa,1,6,36.8,0,0,0,118
2024-06-25,Veg Burger,1,6,36.8,0,0,0,65
2024-06-25,Masala Dosa,1,6,36.8,0,0,0,91
2024-06-25,Chole Bhature,1,6,36.8,0,0,0,69
2024-06-25,Veg Biryani,1,6,36.8,0,0,0,49
2024-06-25,Sandwich,1,6,36.8,0,0,0,76
2024-06-25,Tea,1,6,36.8,0,0,0,179
2024-06-25,Cold Coffee,1,6,36.8,0,0,0,117
2024-06-26,Samosa,2,6,35.9,1,0,0,149
2024-06-26,Veg Burger,2,6,35.9,1,0,0,69
2024-06-26,Masala Dosa,2,6,35.9,1,0,0,92
2024-06-26,Chole Bhature,2,6,35.9,1,0,0,97
2024-06-26,Veg Biryani,2,6,35.9,1,0,0,63
2024-06-26,Sandwich,2,6,35.9,1,0,0,72
2024-06-26,Tea,2,6,35.9,1,0,0,228
2024-06-26,Cold Coffee,2,6,35.9,1,0,0,88
2024-06-27,Samosa,3,6,37.5,1,0,0,164
2024-06-27,Veg Burger,3,6,37.5,1,0,0,75
2024-06-27,Masala Dosa,3,6,37.5,1,0,0,86
2024-06-27,Chole Bhature,3,6,37.5,1,0,0,84
2024-06-27,Veg Biryani,3,6,37.5,1,0,0,58
2024-06-27,Sandwich,3,6,37.5,1,0,0,77
2024-06-27,Tea,3,6,37.5,1,0,0,200
2024-06-27,Cold Coffee,3,6,37.5,1,0,0,87
2024-06-28,Samosa,4,6,36.2,1,0,0,156
2024-06-28,Veg Burger,4,6,36.2,1,0,0,68
2024-06-28,Masala Dosa,4,6,36.2,1,0,0,96
2024-06-28,Chole Bhature,4,6,36.2,1,0,0,70
2024-06-28,Veg Biryani,4,6,36.2,1,0,0,63
2024-06-28,Sandwich,4,6,36.2,1,0,0,69
2024-06-28,Tea,4,6,36.2,1,0,0,234
2024-06-28,Cold Coffee,4,6,36.2,1,0,0,103
2024-06-29,Samosa,5,6,35.8,0,0,0,65
2024-06-29,Veg Burger,5,6,35.8,0,0,0,39
2024-06-29,Masala Dosa,5,6,35.8,0,0,0,48
2024-06-29,Chole Bhature,5,6,35.8,0,0,0,41
2024-06-29,Veg Biryani,5,6,35.8,0,0,0,33
2024-06-29,Sandwich,5,6,35.8,0,0,0,42
2024-06-29,Tea,5,6,35.8,0,0,0,101
2024-06-29,Cold Coffee,5,6,35.8,0,0,0,63
2024-06-30,Samosa,6,6,37.3,0,0,0,30
2024-06-30,Veg Burger,6,6,37.3,0,0,0,19
2024-06-30,Masala Dosa,6,6,37.3,0,0,0,18
2024-06-30,Chole Bhature,6,6,37.3,0,0,0,21
2024-06-30,Veg Biryani,6,6,37.3,0,0,0,14
2024-06-30,Sandwich,6,6,37.3,0,0,0,16
2024-06-30,Tea,6,6,37.3,0,0,0,42
2024-06-30,Cold Coffee,6,6,37.3,0,0,0,32
2024-07-01,Samosa,0,7,34.7,0,0,0,129
2024-07-01,Veg Burger,0,7,34.7,0,0,0,77
2024-07-01,Masala Dosa,0,7,34.7,0,0,0,103
2024-07-01,Chole Bhature,0,7,34.7,0,0,0,74
2024-07-01,Veg Biryani,0,7,34.7,0,0,0,73
2024-07-01,Sandwich,0,7,34.7,0,0,0,69
2024-07-01,Tea,0,7,34.7,0,0,0,174
2024-07-01,Cold Coffee,0,7,34.7,0,0,0,106
2024-07-02,Samosa,1,7,30.1,0,0,0,121
2024-07-02,Veg Burger,1,7,30.1,0,0,0,73
2024-07-02,Masala Dosa,1,7,30.1,0,0,0,90
2024-07-02,Chole Bhature,1,7,30.1,0,0,0,91
2024-07-02,Veg Biryani,1,7,30.1,0,0,0,57
2024-07-02,Sandwich,1,7,30.1,0,0,0,76
2024-07-02,Tea,1,7,30.1,0,0,0,180
2024-07-02,Cold Coffee,1,7,30.1,0,0,0,82
2024-07-03,Samosa,2,7,33.7,1,0,0,156
2024-07-03,Veg Burger,2,7,33.7,1,0,0,69
2024-07-03,Masala Dosa,2,7,33.7,1,0,0,75
2024-07-03,Chole Bhature,2,7,33.7,1,0,0,99
2024-07-03,Veg Biryani,2,7,33.7,1,0,0,54
2024-07-03,Sandwich,2,7,33.7,1,0,0,70
2024-07-03,Tea,2,7,33.7,1,0,0,218
2024-07-03,Cold Coffee,2,7,33.7,1,0,0,82
2024-07-04,Samosa,3,7,34.9,1,0,0,152
2024-07-04,Veg Burger,3,7,34.9,1,0,0,66
2024-07-04,Masala Dosa,3,7,34.9,1,0,0,92
2024-07-04,Chole Bhature,3,7,34.9,1,0,0,89
2024-07-04,Veg Biryani,3,7,34.9,1,0,0,51
2024-07-04,Sandwich,3,7,34.9,1,0,0,76
2024-07-04,Tea,3,7,34.9,1,0,0,221
2024-07-04,Cold Coffee,3,7,34.9,1,0,0,91
2024-07-05,Samosa,4,7,35.4,1,0,0,147
2024-07-05,Veg Burger,4,7,35.4,1,0,0,71
2024-07-05,Masala Dosa,4,7,35.4,1,0,0,74
2024-07-05,Chole Bhature,4,7,35.4,1,0,0,80
2024-07-05,Veg Biryani,4,7,35.4,1,0,0,75
2024-07-05,Sandwich,4,7,35.4,1,0,0,73
2024-07-05,Tea,4,7,35.4,1,0,0,210
2024-07-05,Cold Coffee,4,7,35.4,1,0,0,78
2024-07-06,Samosa,5,7,31.2,1,0,0,88
2024-07-06,Veg Burger,5,7,31.2,1,0,0,40
2024-07-06,Masala Dosa,5,7,31.2,1,0,0,43
2024-07-06,Chole Bhature,5,7,31.2,1,0,0,47
2024-07-06,Veg Biryani,5,7,31.2,1,0,0,32
2024-07-06,Sandwich,5,7,31.2,1,0,0,42
2024-07-06,Tea,5,7,31.2,1,0,0,151
2024-07-06,Cold Coffee,5,7,31.2,1,0,0,45
2024-07-07,Samosa,6,7,34.4,0,0,0,28
2024-07-07,Veg Burger,6,7,34.4,0,0,0,16
2024-07-07,Masala Dosa,6,7,34.4,0,0,0,22
2024-07-07,Chole Bhature,6,7,34.4,0,0,0,22
2024-07-07,Veg Biryani,6,7,34.4,0,0,0,14
2024-07-07,Sandwich,6,7,34.4,0,0,0,20
2024-07-07,Tea,6,7,34.4,0,0,0,43
2024-07-07,Cold Coffee,6,7,34.4,0,0,0,29
2024-07-08,Samosa,0,7,37.2,1,0,0,155
2024-07-08,Veg Burger,0,7,37.2,1,0,0,70
2024-07-08,Masala Dosa,0,7,37.2,1,0,0,95
2024-07-08,Chole Bhature,0,7,37.2,1,0,0,81
2024-07-08,Veg Biryani,0,7,37.2,1,0,0,74
2024-07-08,Sandwich,0,7,37.2,1,0,0,77
2024-07-08,Tea,0,7,37.2,1,0,0,202
2024-07-08,Cold Coffee,0,7,37.2,1,0,0,96
2024-07-09,Samosa,1,7,32.6,1,0,0,157
2024-07-09,Veg Burger,1,7,32.6,1,0,0,60
2024-07-09,Masala Dosa,1,7,32.6,1,0,0,85
2024-07-09,Chole Bhature,1,7,32.6,1,0,0,97
2024-07-09,Veg Biryani,1,7,32.6,1,0,0,58
2024-07-09,Sandwich,1,7,32.6,1,0,0,63
2024-07-09,Tea,1,7,32.6,1,0,0,250
2024-07-09,Cold Coffee,1,7,32.6,1,0,0,86
2024-07-10,Samosa,2,7,37.5,0,0,0,114
2024-07-10,Veg Burger,2,7,37.5,0,0,0,80
2024-07-10,Masala Dosa,2,7,37.5,0,0,0,81
2024-07-10,Chole Bhature,2,7,37.5,0,0,0,103
2024-07-10,Veg Biryani,2,7,37.5,0,0,0,65
2024-07-10,Sandwich,2,7,37.5,0,0,0,71
2024-07-10,Tea,2,7,37.5,0,0,0,180
2024-07-10,Cold Coffee,2,7,37.5,0,0,0,115
2024-07-11,Samosa,3,7,35.5,0,0,0,122
2024-07-11,Veg Burger,3,7,35.5,0,0,0,60
2024-07-11,Masala Dosa,3,7,35.5,0,0,0,85
2024-07-11,Chole Bhature,3,7,35.5,0,0,0,68
2024-07-11,Veg Biryani,3,7,35.5,0,0,0,66
2024-07-11,Sandwich,3,7,35.5,0,0,0,85
2024-07-11,Tea,3,7,35.5,0,0,0,181
2024-07-11,Cold Coffee,3,7,35.5,0,0,0,102
2024-07-12,Samosa,4,7,37.9,1,0,0,142
2024-07-12,Veg Burger,4,7,37.9,1,0,0,69
2024-07-12,Masala Dosa,4,7,37.9,1,0,0,88
2024-07-12,Chole Bhature,4,7,37.9,1,0,0,85
2024-07-12,Veg Biryani,4,7,37.9,1,0,0,76
2024-07-12,Sandwich,4,7,37.9,1,0,0,83
2024-07-12,Tea,4,7,37.9,1,0,0,199
2024-07-12,Cold Coffee,4,7,37.9,1,0,0,93
2024-07-13,Samosa,5,7,31.6,0,0,0,62
2024-07-13,Veg Burger,5,7,31.6,0,0,0,33
2024-07-13,Masala Dosa,5,7,31.6,0,0,0,55
2024-07-13,Chole Bhature,5,7,31.6,0,0,0,51
2024-07-13,Veg Biryani,5,7,31.6,0,0,0,32
2024-07-13,Sandwich,5,7,31.6,0,0,0,41
2024-07-13,Tea,5,7,31.6,0,0,0,93
2024-07-13,Cold Coffee,5,7,31.6,0,0,0,54
2024-07-14,Samosa,6,7,34.0,0,0,0,29
2024-07-14,Veg Burger,6,7,34.0,0,0,0,17
2024-07-14,Masala Dosa,6,7,34.0,0,0,0,22
2024-07-14,Chole Bhature,6,7,34.0,0,0,0,19
2024-07-14,Veg Biryani,6,7,34.0,0,0,0,15
2024-07-14,Sandwich,6,7,34.0,0,0,0,21
2024-07-14,Tea,6,7,34.0,0,0,0,46
2024-07-14,Cold Coffee,6,7,34.0,0,0,0,26
2024-07-15,Samosa,0,7,36.3,0,0,0,117
2024-07-15,Veg Burger,0,7,36.3,0,0,0,61
2024-07-15,Masala Dosa,0,7,36.3,0,0,0,79
2024-07-15,Chole Bhature,0,7,36.3,0,0,0,83
2024-07-15,Veg Biryani,0,7,36.3,0,0,0,58
2024-07-15,Sandwich,0,7,36.3,0,0,0,76
2024-07-15,Tea,0,7,36.3,0,0,0,151
2024-07-15,Cold Coffee,0,7,36.3,0,0,0,127
2024-07-16,Samosa,1,7,35.4,0,0,0,103
2024-07-16,Veg Burger,1,7,35.4,0,0,0,67
2024-07-16,Masala Dosa,1,7,35.4,0,0,0,84
2024-07-16,Chole Bhature,1,7,35.4,0,0,0,76
2024-07-16,Veg Biryani,1,7,35.4,0,0,0,59
2024-07-16,Sandwich,1,7,35.4,0,0,0,72
2024-07-16,Tea,1,7,35.4,0,0,0,143
2024-07-16,Cold Coffee,1,7,35.4,0,0,0,117
2024-07-17,Samosa,2,7,32.8,1,0,0,159
2024-07-17,Veg Burger,2,7,32.8,1,0,0,69
2024-07-17,Masala Dosa,2,7,32.8,1,0,0,107
2024-07-17,Chole Bhature,2,7,32.8,1,0,0,98
2024-07-17,Veg Biryani,2,7,32.8,1,0,0,64
2024-07-17,Sandwich,2,7,32.8,1,0,0,87
2024-07-17,Tea,2,7,32.8,1,0,0,256
2024-07-17,Cold Coffee,2,7,32.8,1,0,0,78
2024-07-18,Samosa,3,7,32.4,1,0,0,189
2024-07-18,Veg Burger,3,7,32.4,1,0,0,62
2024-07-18,Masala Dosa,3,7,32.4,1,0,0,92
2024-07-18,Chole Bhature,3,7,32.4,1,0,0,83
2024-07-18,Veg Biryani,3,7,32.4,1,0,0,65
2024-07-18,Sandwich,3,7,32.4,1,0,0,76
2024-07-18,Tea,3,7,32.4,1,0,0,243
2024-07-18,Cold Coffee,3,7,32.4,1,0,0,77
2024-07-19,Samosa,4,7,35.5,1,0,0,152
2024-07-19,Veg Burger,4,7,35.5,1,0,0,69
2024-07-19,Masala Dosa,4,7,35.5,1,0,0,82
2024-07-19,Chole Bhature,4,7,35.5,1,0,0,80
2024-07-19,Veg Biryani,4,7,35.5,1,0,0,71
2024-07-19,Sandwich,4,7,35.5,1,0,0,77
2024-07-19,Tea,4,7,35.5,1,0,0,239
2024-07-19,Cold Coffee,4,7,35.5,1,0,0,78
2024-07-20,Samosa,5,7,33.2,1,0,0,82
2024-07-20,Veg Burger,5,7,33.2,1,0,0,43
2024-07-20,Masala Dosa,5,7,33.2,1,0,0,41
2024-07-20,Chole Bhature,5,7,33.2,1,0,0,55
2024-07-20,Veg Biryani,5,7,33.2,1,0,0,36
2024-07-20,Sandwich,5,7,33.2,1,0,0,42
2024-07-20,Tea,5,7,33.2,1,0,0,128
2024-07-20,Cold Coffee,5,7,33.2,1,0,0,46
2024-07-21,Samosa,6,7,36.0,0,0,0,32
2024-07-21,Veg Burger,6,7,36.0,0,0,0,19
2024-07-21,Masala Dosa,6,7,36.0,0,0,0,22
2024-07-21,Chole Bhature,6,7,36.0,0,0,0,20
2024-07-21,Veg Biryani,6,7,36.0,0,0,0,16
2024-07-21,Sandwich,6,7,36.0,0,0,0,22
2024-07-21,Tea,6,7,36.0,0,0,0,43
2024-07-21,Cold Coffee,6,7,36.0,0,0,0,32
2024-07-22,Samosa,0,7,34.4,0,0,0,113
2024-07-22,Veg Burger,0,7,34.4,0,0,0,72
2024-07-22,Masala Dosa,0,7,34.4,0,0,0,83
2024-07-22,Chole Bhature,0,7,34.4,0,0,0,71
2024-07-22,Veg Biryani,0,7,34.4,0,0,0,66
2024-07-22,Sandwich,0,7,34.4,0,0,0,80
2024-07-22,Tea,0,7,34.4,0,0,0,188
2024-07-22,Cold Coffee,0,7,34.4,0,0,0,111
2024-07-23,Samosa,1,7,36.4,0,0,0,125
2024-07-23,Veg Burger,1,7,36.4,0,0,0,72
2024-07-23,Masala Dosa,1,7,36.4,0,0,0,86
2024-07-23,Chole Bhature,1,7,36.4,0,0,0,84
2024-07-23,Veg Biryani,1,7,36.4,0,0,0,66
2024-07-23,Sandwich,1,7,36.4,0,0,0,79
2024-07-23,Tea,1,7,36.4,0,0,0,172
2024-07-23,Cold Coffee,1,7,36.4,0,0,0,107
2024-07-24,Samosa,2,7,35.4,0,0,0,118
2024-07-24,Veg Burger,2,7,35.4,0,0,0,66
2024-07-24,Masala Dosa,2,7,35.4,0,0,0,85
2024-07-24,Chole Bhature,2,7,35.4,0,0,0,95
2024-07-24,Veg Biryani,2,7,35.4,0,0,0,56
2024-07-24,Sandwich,2,7,35.4,0,0,0,73
2024-07-24,Tea,2,7,35.4,0,0,0,145
2024-07-24,Cold Coffee,2,7,35.4,0,0,0,112
2024-07-25,Samosa,3,7,34.9,0,0,0,112
2024-07-25,Veg Burger,3,7,34.9,0,0,0,69
2024-07-25,Masala Dosa,3,7,34.9,0,0,0,91
2024-07-25,Chole Bhature,3,7,34.9,0,0,0,79
2024-07-25,Veg Biryani,3,7,34.9,0,0,0,57
2024-07-25,Sandwich,3,7,34.9,0,0,0,69
2024-07-25,Tea,3,7,34.9,0,0,0,162
2024-07-25,Cold Coffee,3,7,34.9,0,0,0,116
2024-07-26,Samosa,4,7,33.7,0,0,0,128
2024-07-26,Veg Burger,4,7,33.7,0,0,0,69
2024-07-26,Masala Dosa,4,7,33.7,0,0,0,88
2024-07-26,Chole Bhature,4,7,33.7,0,0,0,67
2024-07-26,Veg Biryani,4,7,33.7,0,0,0,73
2024-07-26,Sandwich,4,7,33.7,0,0,0,68
2024-07-26,Tea,4,7,33.7,0,0,0,178
2024-07-26,Cold Coffee,4,7,33.7,0,0,0,107
2024-07-27,Samosa,5,7,37.6,1,0,0,77
2024-07-27,Veg Burger,5,7,37.6,1,0,0,39
2024-07-27,Masala Dosa,5,7,37.6,1,0,0,53
2024-07-27,Chole Bhature,5,7,37.6,1,0,0,52
2024-07-27,Veg Biryani,5,7,37.6,1,0,0,30
2024-07-27,Sandwich,5,7,37.6,1,0,0,39
2024-07-27,Tea,5,7,37.6,1,0,0,117
2024-07-27,Cold Coffee,5,7,37.6,1,0,0,47
2024-07-28,Samosa,6,7,36.5,0,0,0,31
2024-07-28,Veg Burger,6,7,36.5,0,0,0,18
2024-07-28,Masala Dosa,6,7,36.5,0,0,0,24
2024-07-28,Chole Bhature,6,7,36.5,0,0,0,24
2024-07-28,Veg Biryani,6,7,36.5,0,0,0,15
2024-07-28,Sandwich,6,7,36.5,0,0,0,18
2024-07-28,Tea,6,7,36.5,0,0,0,41
2024-07-28,Cold Coffee,6,7,36.5,0,0,0,24
2024-07-29,Samosa,0,7,33.5,0,0,0,116
2024-07-29,Veg Burger,0,7,33.5,0,0,0,66
2024-07-29,Masala Dosa,0,7,33.5,0,0,0,90
2024-07-29,Chole Bhature,0,7,33.5,0,0,0,86
2024-07-29,Veg Biryani,0,7,33.5,0,0,0,63
2024-07-29,Sandwich,0,7,33.5,0,0,0,70
2024-07-29,Tea,0,7,33.5,0,0,0,194
2024-07-29,Cold Coffee,0,7,33.5,0,0,0,101
2024-07-30,Samosa,1,7,33.4,1,0,0,150
2024-07-30,Veg Burger,1,7,33.4,1,0,0,75
2024-07-30,Masala Dosa,1,7,33.4,1,0,0,92
2024-07-30,Chole Bhature,1,7,33.4,1,0,0,81
2024-07-30,Veg Biryani,1,7,33.4,1,0,0,64
2024-07-30,Sandwich,1,7,33.4,1,0,0,74
2024-07-30,Tea,1,7,33.4,1,0,0,239
2024-07-30,Cold Coffee,1,7,33.4,1,0,0,82
2024-07-31,Samosa,2,7,35.5,0,0,0,114
2024-07-31,Veg Burger,2,7,35.5,0,0,0,79
2024-07-31,Masala Dosa,2,7,35.5,0,0,0,80
2024-07-31,Chole Bhature,2,7,35.5,0,0,0,100
2024-07-31,Veg Biryani,2,7,35.5,0,0,0,56
2024-07-31,Sandwich,2,7,35.5,0,0,0,76
2024-07-31,Tea,2,7,35.5,0,0,0,171
2024-07-31,Cold Coffee,2,7,35.5,0,0,0,101
2024-08-01,Samosa,3,8,34.1,1,0,0,164
2024-08-01,Veg Burger,3,8,34.1,1,0,0,77
2024-08-01,Masala Dosa,3,8,34.1,1,0,0,89
2024-08-01,Chole Bhature,3,8,34.1,1,0,0,77
2024-08-01,Veg Biryani,3,8,34.1,1,0,0,60
2024-08-01,Sandwich,3,8,34.1,1,0,0,79
2024-08-01,Tea,3,8,34.1,1,0,0,202
2024-08-01,Cold Coffee,3,8,34.1,1,0,0,69
2024-08-02,Samosa,4,8,30.9,1,0,0,141
2024-08-02,Veg Burger,4,8,30.9,1,0,0,77
2024-08-02,Masala Dosa,4,8,30.9,1,0,0,88
2024-08-02,Chole Bhature,4,8,30.9,1,0,0,77
2024-08-02,Veg Biryani,4,8,30.9,1,0,0,72
2024-08-02,Sandwich,4,8,30.9,1,0,0,73
2024-08-02,Tea,4,8,30.9,1,0,0,286
2024-08-02,Cold Coffee,4,8,30.9,1,0,0,74
2024-08-03,Samosa,5,8,32.7,0,0,0,58
2024-08-03,Veg Burger,5,8,32.7,0,0,0,41
2024-08-03,Masala Dosa,5,8,32.7,0,0,0,51
2024-08-03,Chole Bhature,5,8,32.7,0,0,0,41
2024-08-03,Veg Biryani,5,8,32.7,0,0,0,31
2024-08-03,Sandwich,5,8,32.7,0,0,0,45
2024-08-03,Tea,5,8,32.7,0,0,0,90
2024-08-03,Cold Coffee,5,8,32.7,0,0,0,63
2024-08-04,Samosa,6,8,30.2,0,0,0,32
2024-08-04,Veg Burger,6,8,30.2,0,0,0,16
2024-08-04,Masala Dosa,6,8,30.2,0,0,0,20
2024-08-04,Chole Bhature,6,8,30.2,0,0,0,17
2024-08-04,Veg Biryani,6,8,30.2,0,0,0,15
2024-08-04,Sandwich,6,8,30.2,0,0,0,16
2024-08-04,Tea,6,8,30.2,0,0,0,43
2024-08-04,Cold Coffee,6,8,30.2,0,0,0,23
2024-08-05,Samosa,0,8,26.7,1,0,0,186
2024-08-05,Veg Burger,0,8,26.7,1,0,0,74
2024-08-05,Masala Dosa,0,8,26.7,1,0,0,90
2024-08-05,Chole Bhature,0,8,26.7,1,0,0,78
2024-08-05,Veg Biryani,0,8,26.7,1,0,0,69
2024-08-05,Sandwich,0,8,26.7,1,0,0,78
2024-08-05,Tea,0,8,26.7,1,0,0,242
2024-08-05,Cold Coffee,0,8,26.7,1,0,0,70
2024-08-06,Samosa,1,8,33.4,0,0,0,127
2024-08-06,Veg Burger,1,8,33.4,0,0,0,69
2024-08-06,Masala Dosa,1,8,33.4,0,0,0,91
2024-08-06,Chole Bhature,1,8,33.4,0,0,0,86
2024-08-06,Veg Biryani,1,8,33.4,0,0,0,56
2024-08-06,Sandwich,1,8,33.4,0,0,0,62
2024-08-06,Tea,1,8,33.4,0,0,0,182
2024-08-06,Cold Coffee,1,8,33.4,0,0,0,112
2024-08-07,Samosa,2,8,29.3,0,0,0,122
2024-08-07,Veg Burger,2,8,29.3,0,0,0,71
2024-08-07,Masala Dosa,2,8,29.3,0,0,0,88
2024-08-07,Chole Bhature,2,8,29.3,0,0,0,107
2024-08-07,Veg Biryani,2,8,29.3,0,0,0,52
2024-08-07,Sandwich,2,8,29.3,0,0,0,70
2024-08-07,Tea,2,8,29.3,0,0,0,193
2024-08-07,Cold Coffee,2,8,29.3,0,0,0,78
2024-08-08,Samosa,3,8,31.6,1,0,0,177
2024-08-08,Veg Burger,3,8,31.6,1,0,0,73
2024-08-08,Masala Dosa,3,8,31.6,1,0,0,90
2024-08-08,Chole Bhature,3,8,31.6,1,0,0,79
2024-08-08,Veg Biryani,3,8,31.6,1,0,0,57
2024-08-08,Sandwich,3,8,31.6,1,0,0,71
2024-08-08,Tea,3,8,31.6,1,0,0,230
2024-08-08,Cold Coffee,3,8,31.6,1,0,0,80
2024-08-09,Samosa,4,8,30.0,0,0,0,109
2024-08-09,Veg Burger,4,8,30.0,0,0,0,71
2024-08-09,Masala Dosa,4,8,30.0,0,0,0,94
2024-08-09,Chole Bhature,4,8,30.0,0,0,0,87
2024-08-09,Veg Biryani,4,8,30.0,0,0,0,78
2024-08-09,Sandwich,4,8,30.0,0,0,0,69
2024-08-09,Tea,4,8,30.0,0,0,0,180
2024-08-09,Cold Coffee,4,8,30.0,0,0,0,83
2024-08-10,Samosa,5,8,31.5,0,0,0,68
2024-08-10,Veg Burger,5,8,31.5,0,0,0,40
2024-08-10,Masala Dosa,5,8,31.5,0,0,0,52
2024-08-10,Chole Bhature,5,8,31.5,0,0,0,40
2024-08-10,Veg Biryani,5,8,31.5,0,0,0,33
2024-08-10,Sandwich,5,8,31.5,0,0,0,41
2024-08-10,Tea,5,8,31.5,0,0,0,107
2024-08-10,Cold Coffee,5,8,31.5,0,0,0,53
2024-08-11,Samosa,6,8,28.7,0,0,0,30
2024-08-11,Veg Burger,6,8,28.7,0,0,0,17
2024-08-11,Masala Dosa,6,8,28.7,0,0,0,22
2024-08-11,Chole Bhature,6,8,28.7,0,0,0,22
2024-08-11,Veg Biryani,6,8,28.7,0,0,0,12
2024-08-11,Sandwich,6,8,28.7,0,0,0,21
2024-08-11,Tea,6,8,28.7,0,0,0,44
2024-08-11,Cold Coffee,6,8,28.7,0,0,0,21
2024-08-12,Samosa,0,8,31.1,0,0,0,126
2024-08-12,Veg Burger,0,8,31.1,0,0,0,70
2024-08-12,Masala Dosa,0,8,31.1,0,0,0,92
2024-08-12,Chole Bhature,0,8,31.1,0,0,0,77
2024-08-12,Veg Biryani,0,8,31.1,0,0,0,60
2024-08-12,Sandwich,0,8,31.1,0,0,0,71
2024-08-12,Tea,0,8,31.1,0,0,0,190
2024-08-12,Cold Coffee,0,8,31.1,0,0,0,97
2024-08-13,Samosa,1,8,32.1,1,0,0,161
2024-08-13,Veg Burger,1,8,32.1,1,0,0,70
2024-08-13,Masala Dosa,1,8,32.1,1,0,0,85
2024-08-13,Chole Bhature,1,8,32.1,1,0,0,83
2024-08-13,Veg Biryani,1,8,32.1,1,0,0,69
2024-08-13,Sandwich,1,8,32.1,1,0,0,74
2024-08-13,Tea,1,8,32.1,1,0,0,252
2024-08-13,Cold Coffee,1,8,32.1,1,0,0,71
2024-08-14,Samosa,2,8,30.1,0,0,0,125
2024-08-14,Veg Burger,2,8,30.1,0,0,0,70
2024-08-14,Masala Dosa,2,8,30.1,0,0,0,101
2024-08-14,Chole Bhature,2,8,30.1,0,0,0,101
2024-08-14,Veg Biryani,2,8,30.1,0,0,0,59
2024-08-14,Sandwich,2,8,30.1,0,0,0,79
2024-08-14,Tea,2,8,30.1,0,0,0,172
2024-08-14,Cold Coffee,2,8,30.1,0,0,0,87
2024-08-15,Samosa,3,8,29.8,0,0,1,35
2024-08-15,Veg Burger,3,8,29.8,0,0,1,21
2024-08-15,Masala Dosa,3,8,29.8,0,0,1,26
2024-08-15,Chole Bhature,3,8,29.8,0,0,1,24
2024-08-15,Veg Biryani,3,8,29.8,0,0,1,21
2024-08-15,Sandwich,3,8,29.8,0,0,1,22
2024-08-15,Tea,3,8,29.8,0,0,1,56
2024-08-15,Cold Coffee,3,8,29.8,0,0,1,26
2024-08-16,Samosa,4,8,33.5,0,0,0,118
2024-08-16,Veg Burger,4,8,33.5,0,0,0,62
2024-08-16,Masala Dosa,4,8,33.5,0,0,0,78
2024-08-16,Chole Bhature,4,8,33.5,0,0,0,82
2024-08-16,Veg Biryani,4,8,33.5,0,0,0,70
2024-08-16,Sandwich,4,8,33.5,0,0,0,76
2024-08-16,Tea,4,8,33.5,0,0,0,186
2024-08-16,Cold Coffee,4,8,33.5,0,0,0,114
2024-08-17,Samosa,5,8,30.8,1,0,0,72
2024-08-17,Veg Burger,5,8,30.8,1,0,0,41
2024-08-17,Masala Dosa,5,8,30.8,1,0,0,45
2024-08-17,Chole Bhature,5,8,30.8,1,0,0,47
2024-08-17,Veg Biryani,5,8,30.8,1,0,0,33
2024-08-17,Sandwich,5,8,30.8,1,0,0,38
2024-08-17,Tea,5,8,30.8,1,0,0,131
2024-08-17,Cold Coffee,5,8,30.8,1,0,0,44
2024-08-18,Samosa,6,8,32.2,1,0,0,41
2024-08-18,Veg Burger,6,8,32.2,1,0,0,18
2024-08-18,Masala Dosa,6,8,32.2,1,0,0,27
2024-08-18,Chole Bhature,6,8,32.2,1,0,0,19
2024-08-18,Veg Biryani,6,8,32.2,1,0,0,16
2024-08-18,Sandwich,6,8,32.2,1,0,0,20
2024-08-18,Tea,6,8,32.2,1,0,0,58
2024-08-18,Cold Coffee,6,8,32.2,1,0,0,22
2024-08-19,Samosa,0,8,31.2,0,0,0,106
2024-08-19,Veg Burger,0,8,31.2,0,0,0,70
2024-08-19,Masala Dosa,0,8,31.2,0,0,0,81
2024-08-19,Chole Bhature,0,8,31.2,0,0,0,82
2024-08-19,Veg Biryani,0,8,31.2,0,0,0,74
2024-08-19,Sandwich,0,8,31.2,0,0,0,72
2024-08-19,Tea,0,8,31.2,0,0,0,148
2024-08-19,Cold Coffee,0,8,31.2,0,0,0,97
2024-08-20,Samosa,1,8,32.9,1,0,0,161
2024-08-20,Veg Burger,1,8,32.9,1,0,0,76
2024-08-20,Masala Dosa,1,8,32.9,1,0,0,95
2024-08-20,Chole Bhature,1,8,32.9,1,0,0,74
2024-08-20,Veg Biryani,1,8,32.9,1,0,0,62
2024-08-20,Sandwich,1,8,32.9,1,0,0,76
2024-08-20,Tea,1,8,32.9,1,0,0,254
2024-08-20,Cold Coffee,1,8,32.9,1,0,0,78
2024-08-21,Samosa,2,8,28.7,1,0,0,160
2024-08-21,Veg Burger,2,8,28.7,1,0,0,67
2024-08-21,Masala Dosa,2,8,28.7,1,0,0,85
2024-08-21,Chole Bhature,2,8,28.7,1,0,0,96
2024-08-21,Veg Biryani,2,8,28.7,1,0,0,55
2024-08-21,Sandwich,2,8,28.7,1,0,0,68
2024-08-21,Tea,2,8,28.7,1,0,0,270
2024-08-21,Cold Coffee,2,8,28.7,1,0,0,63
2024-08-22,Samosa,3,8,33.3,1,0,0,162
2024-08-22,Veg Burger,3,8,33.3,1,0,0,64
2024-08-22,Masala Dosa,3,8,33.3,1,0,0,81
2024-08-22,Chole Bhature,3,8,33.3,1,0,0,86
2024-08-22,Veg Biryani,3,8,33.3,1,0,0,63
2024-08-22,Sandwich,3,8,33.3,1,0,0,72
2024-08-22,Tea,3,8,33.3,1,0,0,211
2024-08-22,Cold Coffee,3,8,33.3,1,0,0,92
2024-08-23,Samosa,4,8,28.6,0,0,0,121
2024-08-23,Veg Burger,4,8,28.6,0,0,0,65
2024-08-23,Masala Dosa,4,8,28.6,0,0,0,84
2024-08-23,Chole Bhature,4,8,28.6,0,0,0,83
2024-08-23,Veg Biryani,4,8,28.6,0,0,0,71
2024-08-23,Sandwich,4,8,28.6,0,0,0,83
2024-08-23,Tea,4,8,28.6,0,0,0,208
2024-08-23,Cold Coffee,4,8,28.6,0,0,0,77
2024-08-24,Samosa,5,8,34.1,0,0,0,61
2024-08-24,Veg Burger,5,8,34.1,0,0,0,39
2024-08-24,Masala Dosa,5,8,34.1,0,0,0,46
2024-08-24,Chole Bhature,5,8,34.1,0,0,0,36
2024-08-24,Veg Biryani,5,8,34.1,0,0,0,33
2024-08-24,Sandwich,5,8,34.1,0,0,0,45
2024-08-24,Tea,5,8,34.1,0,0,0,104
2024-08-24,Cold Coffee,5,8,34.1,0,0,0,62
2024-08-25,Samosa,6,8,31.9,0,0,0,32
2024-08-25,Veg Burger,6,8,31.9,0,0,0,18
2024-08-25,Masala Dosa,6,8,31.9,0,0,0,24
2024-08-25,Chole Bhature,6,8,31.9,0,0,0,19
2024-08-25,Veg Biryani,6,8,31.9,0,0,0,14
2024-08-25,Sandwich,6,8,31.9,0,0,0,17
2024-08-25,Tea,6,8,31.9,0,0,0,48
2024-08-25,Cold Coffee,6,8,31.9,0,0,0,26
2024-08-26,Samosa,0,8,32.9,0,0,0,136
2024-08-26,Veg Burger,0,8,32.9,0,0,0,57
2024-08-26,Masala Dosa,0,8,32.9,0,0,0,89
2024-08-26,Chole Bhature,0,8,32.9,0,0,0,83
2024-08-26,Veg Biryani,0,8,32.9,0,0,0,66
2024-08-26,Sandwich,0,8,32.9,0,0,0,71
2024-08-26,Tea,0,8,32.9,0,0,0,201
2024-08-26,Cold Coffee,0,8,32.9,0,0,0,101
2024-08-27,Samosa,1,8,32.9,1,0,0,167
2024-08-27,Veg Burger,1,8,32.9,1,0,0,73
2024-08-27,Masala Dosa,1,8,32.9,1,0,0,94
2024-08-27,Chole Bhature,1,8,32.9,1,0,0,80
2024-08-27,Veg Biryani,1,8,32.9,1,0,0,60
2024-08-27,Sandwich,1,8,32.9,1,0,0,71
2024-08-27,Tea,1,8,32.9,1,0,0,248
2024-08-27,Cold Coffee,1,8,32.9,1,0,0,84
2024-08-28,Samosa,2,8,33.0,0,0,0,115
2024-08-28,Veg Burger,2,8,33.0,0,0,0,64
2024-08-28,Masala Dosa,2,8,33.0,0,0,0,88
2024-08-28,Chole Bhature,2,8,33.0,0,0,0,87
2024-08-28,Veg Biryani,2,8,33.0,0,0,0,55
2024-08-28,Sandwich,2,8,33.0,0,0,0,77
2024-08-28,Tea,2,8,33.0,0,0,0,192
2024-08-28,Cold Coffee,2,8,33.0,0,0,0,97
2024-08-29,Samosa,3,8,33.5,0,0,0,132
2024-08-29,Veg Burger,3,8,33.5,0,0,0,71
2024-08-29,Masala Dosa,3,8,33.5,0,0,0,87
2024-08-29,Chole Bhature,3,8,33.5,0,0,0,81
2024-08-29,Veg Biryani,3,8,33.5,0,0,0,51
2024-08-29,Sandwich,3,8,33.5,0,0,0,77
2024-08-29,Tea,3,8,33.5,0,0,0,163
2024-08-29,Cold Coffee,3,8,33.5,0,0,0,92
2024-08-30,Samosa,4,8,29.0,0,0,0,131
2024-08-30,Veg Burger,4,8,29.0,0,0,0,66
2024-08-30,Masala Dosa,4,8,29.0,0,0,0,89
2024-08-30,Chole Bhature,4,8,29.0,0,0,0,75
2024-08-30,Veg Biryani,4,8,29.0,0,0,0,74
2024-08-30,Sandwich,4,8,29.0,0,0,0,86
2024-08-30,Tea,4,8,29.0,0,0,0,186
2024-08-30,Cold Coffee,4,8,29.0,0,0,0,85
2024-08-31,Samosa,5,8,31.7,1,0,0,87
2024-08-31,Veg Burger,5,8,31.7,1,0,0,40
2024-08-31,Masala Dosa,5,8,31.7,1,0,0,54
2024-08-31,Chole Bhature,5,8,31.7,1,0,0,49
2024-08-31,Veg Biryani,5,8,31.7,1,0,0,32
2024-08-31,Sandwich,5,8,31.7,1,0,0,37
2024-08-31,Tea,5,8,31.7,1,0,0,128
2024-08-31,Cold Coffee,5,8,31.7,1,0,0,44
2024-09-01,Samosa,6,9,26.1,1,0,0,36
2024-09-01,Veg Burger,6,9,26.1,1,0,0,16
2024-09-01,Masala Dosa,6,9,26.1,1,0,0,23
2024-09-01,Chole Bhature,6,9,26.1,1,0,0,22
2024-09-01,Veg Biryani,6,9,26.1,1,0,0,14
2024-09-01,Sandwich,6,9,26.1,1,0,0,18
2024-09-01,Tea,6,9,26.1,1,0,0,77
2024-09-01,Cold Coffee,6,9,26.1,1,0,0,14
2024-09-02,Samosa,0,9,24.7,1,0,0,155
2024-09-02,Veg Burger,0,9,24.7,1,0,0,62
2024-09-02,Masala Dosa,0,9,24.7,1,0,0,83
2024-09-02,Chole Bhature,0,9,24.7,1,0,0,74
2024-09-02,Veg Biryani,0,9,24.7,1,0,0,70
2024-09-02,Sandwich,0,9,24.7,1,0,0,75
2024-09-02,Tea,0,9,24.7,1,0,0,261
2024-09-02,Cold Coffee,0,9,24.7,1,0,0,60
2024-09-03,Samosa,1,9,26.9,0,0,0,117
2024-09-03,Veg Burger,1,9,26.9,0,0,0,78
2024-09-03,Masala Dosa,1,9,26.9,0,0,0,99
2024-09-03,Chole Bhature,1,9,26.9,0,0,0,88
2024-09-03,Veg Biryani,1,9,26.9,0,0,0,65
2024-09-03,Sandwich,1,9,26.9,0,0,0,66
2024-09-03,Tea,1,9,26.9,0,0,0,220
2024-09-03,Cold Coffee,1,9,26.9,0,0,0,86
2024-09-04,Samosa,2,9,24.9,0,0,0,125
2024-09-04,Veg Burger,2,9,24.9,0,0,0,72
2024-09-04,Masala Dosa,2,9,24.9,0,0,0,93
2024-09-04,Chole Bhature,2,9,24.9,0,0,0,86
2024-09-04,Veg Biryani,2,9,24.9,0,0,0,65
2024-09-04,Sandwich,2,9,24.9,0,0,0,82
2024-09-04,Tea,2,9,24.9,0,0,0,209
2024-09-04,Cold Coffee,2,9,24.9,0,0,0,74
2024-09-05,Samosa,3,9,24.9,0,0,0,125
2024-09-05,Veg Burger,3,9,24.9,0,0,0,69
2024-09-05,Masala Dosa,3,9,24.9,0,0,0,94
2024-09-05,Chole Bhature,3,9,24.9,0,0,0,78
2024-09-05,Veg Biryani,3,9,24.9,0,0,0,62
2024-09-05,Sandwich,3,9,24.9,0,0,0,70
2024-09-05,Tea,3,9,24.9,0,0,0,210
2024-09-05,Cold Coffee,3,9,24.9,0,0,0,76
2024-09-06,Samosa,4,9,28.4,1,0,0,151
2024-09-06,Veg Burger,4,9,28.4,1,0,0,61
2024-09-06,Masala Dosa,4,9,28.4,1,0,0,103
2024-09-06,Chole Bhature,4,9,28.4,1,0,0,89
2024-09-06,Veg Biryani,4,9,28.4,1,0,0,62
2024-09-06,Sandwich,4,9,28.4,1,0,0,79
2024-09-06,Tea,4,9,28.4,1,0,0,248
2024-09-06,Cold Coffee,4,9,28.4,1,0,0,71
2024-09-07,Samosa,5,9,28.6,0,0,0,65
2024-09-07,Veg Burger,5,9,28.6,0,0,0,36
2024-09-07,Masala Dosa,5,9,28.6,0,0,0,46
2024-09-07,Chole Bhature,5,9,28.6,0,0,0,50
2024-09-07,Veg Biryani,5,9,28.6,0,0,0,32
2024-09-07,Sandwich,5,9,28.6,0,0,0,47
2024-09-07,Tea,5,9,28.6,0,0,0,117
2024-09-07,Cold Coffee,5,9,28.6,0,0,0,49
2024-09-08,Samosa,6,9,28.9,0,0,0,30
2024-09-08,Veg Burger,6,9,28.9,0,0,0,19
2024-09-08,Masala Dosa,6,9,28.9,0,0,0,23
2024-09-08,Chole Bhature,6,9,28.9,0,0,0,18
2024-09-08,Veg Biryani,6,9,28.9,0,0,0,16
2024-09-08,Sandwich,6,9,28.9,0,0,0,20
2024-09-08,Tea,6,9,28.9,0,0,0,46
2024-09-08,Cold Coffee,6,9,28.9,0,0,0,22
2024-09-09,Samosa,0,9,29.4,0,0,0,118
2024-09-09,Veg Burger,0,9,29.4,0,0,0,60
2024-09-09,Masala Dosa,0,9,29.4,0,0,0,92
2024-09-09,Chole Bhature,0,9,29.4,0,0,0,85
2024-09-09,Veg Biryani,0,9,29.4,0,0,0,68
2024-09-09,Sandwich,0,9,29.4,0,0,0,82
2024-09-09,Tea,0,9,29.4,0,0,0,204
2024-09-09,Cold Coffee,0,9,29.4,0,0,0,105
2024-09-10,Samosa,1,9,26.5,1,0,0,148
2024-09-10,Veg Burger,1,9,26.5,1,0,0,80
2024-09-10,Masala Dosa,1,9,26.5,1,0,0,104
2024-09-10,Chole Bhature,1,9,26.5,1,0,0,75
2024-09-10,Veg Biryani,1,9,26.5,1,0,0,57
2024-09-10,Sandwich,1,9,26.5,1,0,0,80
2024-09-10,Tea,1,9,26.5,1,0,0,260
2024-09-10,Cold Coffee,1,9,26.5,1,0,0,64
2024-09-11,Samosa,2,9,28.1,1,0,0,132
2024-09-11,Veg Burger,2,9,28.1,1,0,0,74
2024-09-11,Masala Dosa,2,9,28.1,1,0,0,90
2024-09-11,Chole Bhature,2,9,28.1,1,0,0,98
2024-09-11,Veg Biryani,2,9,28.1,1,0,0,58
2024-09-11,Sandwich,2,9,28.1,1,0,0,85
2024-09-11,Tea,2,9,28.1,1,0,0,238
2024-09-11,Cold Coffee,2,9,28.1,1,0,0,64
2024-09-12,Samosa,3,9,27.0,1,0,0,166
2024-09-12,Veg Burger,3,9,27.0,1,0,0,72
2024-09-12,Masala Dosa,3,9,27.0,1,0,0,94
2024-09-12,Chole Bhature,3,9,27.0,1,0,0,86
2024-09-12,Veg Biryani,3,9,27.0,1,0,0,58
2024-09-12,Sandwich,3,9,27.0,1,0,0,71
2024-09-12,Tea,3,9,27.0,1,0,0,242
2024-09-12,Cold Coffee,3,9,27.0,1,0,0,61
2024-09-13,Samosa,4,9,33.9,1,0,0,172
2024-09-13,Veg Burger,4,9,33.9,1,0,0,76
2024-09-13,Masala Dosa,4,9,33.9,1,0,0,87
2024-09-13,Chole Bhature,4,9,33.9,1,0,0,76
2024-09-13,Veg Biryani,4,9,33.9,1,0,0,75
2024-09-13,Sandwich,4,9,33.9,1,0,0,68
2024-09-13,Tea,4,9,33.9,1,0,0,204
2024-09-13,Cold Coffee,4,9,33.9,1,0,0,89
2024-09-14,Samosa,5,9,28.0,0,0,0,65
2024-09-14,Veg Burger,5,9,28.0,0,0,0,36
2024-09-14,Masala Dosa,5,9,28.0,0,0,0,50
2024-09-14,Chole Bhature,5,9,28.0,0,0,0,55
2024-09-14,Veg Biryani,5,9,28.0,0,0,0,34
2024-09-14,Sandwich,5,9,28.0,0,0,0,40
2024-09-14,Tea,5,9,28.0,0,0,0,118
2024-09-14,Cold Coffee,5,9,28.0,0,0,0,49
2024-09-15,Samosa,6,9,28.8,1,0,0,41
2024-09-15,Veg Burger,6,9,28.8,1,0,0,16
2024-09-15,Masala Dosa,6,9,28.8,1,0,0,23
2024-09-15,Chole Bhature,6,9,28.8,1,0,0,18
2024-09-15,Veg Biryani,6,9,28.8,1,0,0,16
2024-09-15,Sandwich,6,9,28.8,1,0,0,17
2024-09-15,Tea,6,9,28.8,1,0,0,68
2024-09-15,Cold Coffee,6,9,28.8,1,0,0,18
2024-09-16,Samosa,0,9,31.5,1,0,0,147
2024-09-16,Veg Burger,0,9,31.5,1,0,0,63
2024-09-16,Masala Dosa,0,9,31.5,1,0,0,88
2024-09-16,Chole Bhature,0,9,31.5,1,0,0,78
2024-09-16,Veg Biryani,0,9,31.5,1,0,0,82
2024-09-16,Sandwich,0,9,31.5,1,0,0,78
2024-09-16,Tea,0,9,31.5,1,0,0,215
2024-09-16,Cold Coffee,0,9,31.5,1,0,0,74
2024-09-17,Samosa,1,9,30.0,1,0,0,182
2024-09-17,Veg Burger,1,9,30.0,1,0,0,78
2024-09-17,Masala Dosa,1,9,30.0,1,0,0,73
2024-09-17,Chole Bhature,1,9,30.0,1,0,0,87
2024-09-17,Veg Biryani,1,9,30.0,1,0,0,65
2024-09-17,Sandwich,1,9,30.0,1,0,0,75
2024-09-17,Tea,1,9,30.0,1,0,0,224
2024-09-17,Cold Coffee,1,9,30.0,1,0,0,79
2024-09-18,Samosa,2,9,27.5,0,0,0,110
2024-09-18,Veg Burger,2,9,27.5,0,0,0,70
2024-09-18,Masala Dosa,2,9,27.5,0,0,0,83
2024-09-18,Chole Bhature,2,9,27.5,0,0,0,98
2024-09-18,Veg Biryani,2,9,27.5,0,0,0,56
2024-09-18,Sandwich,2,9,27.5,0,0,0,73
2024-09-18,Tea,2,9,27.5,0,0,0,186
2024-09-18,Cold Coffee,2,9,27.5,0,0,0,88
2024-09-19,Samosa,3,9,29.7,1,0,0,153
2024-09-19,Veg Burger,3,9,29.7,1,0,0,55
2024-09-19,Masala Dosa,3,9,29.7,1,0,0,92
2024-09-19,Chole Bhature,3,9,29.7,1,0,0,80
2024-09-19,Veg Biryani,3,9,29.7,1,0,0,56
2024-09-19,Sandwich,3,9,29.7,1,0,0,87
2024-09-19,Tea,3,9,29.7,1,0,0,270
2024-09-19,Cold Coffee,3,9,29.7,1,0,0,66
2024-09-20,Samosa,4,9,29.7,1,0,0,160
2024-09-20,Veg Burger,4,9,29.7,1,0,0,80
2024-09-20,Masala Dosa,4,9,29.7,1,0,0,93
2024-09-20,Chole Bhature,4,9,29.7,1,0,0,82
2024-09-20,Veg Biryani,4,9,29.7,1,0,0,69
2024-09-20,Sandwich,4,9,29.7,1,0,0,82
2024-09-20,Tea,4,9,29.7,1,0,0,273
2024-09-20,Cold Coffee,4,9,29.7,1,0,0,69
2024-09-21,Samosa,5,9,25.4,0,0,0,65
2024-09-21,Veg Burger,5,9,25.4,0,0,0,38
2024-09-21,Masala Dosa,5,9,25.4,0,0,0,54
2024-09-21,Chole Bhature,5,9,25.4,0,0,0,43
2024-09-21,Veg Biryani,5,9,25.4,0,0,0,31
2024-09-21,Sandwich,5,9,25.4,0,0,0,40
2024-09-21,Tea,5,9,25.4,0,0,0,124
2024-09-21,Cold Coffee,5,9,25.4,0,0,0,44
2024-09-22,Samosa,6,9,28.1,1,0,0,37
2024-09-22,Veg Burger,6,9,28.1,1,0,0,18
2024-09-22,Masala Dosa,6,9,28.1,1,0,0,25
2024-09-22,Chole Bhature,6,9,28.1,1,0,0,19
2024-09-22,Veg Biryani,6,9,28.1,1,0,0,13
2024-09-22,Sandwich,6,9,28.1,1,0,0,20
2024-09-22,Tea,6,9,28.1,1,0,0,62
2024-09-22,Cold Coffee,6,9,28.1,1,0,0,15
2024-09-23,Samosa,0,9,26.8,1,0,0,154
2024-09-23,Veg Burger,0,9,26.8,1,0,0,80
2024-09-23,Masala Dosa,0,9,26.8,1,0,0,88
2024-09-23,Chole Bhature,0,9,26.8,1,0,0,88
2024-09-23,Veg Biryani,0,9,26.8,1,0,0,74
2024-09-23,Sandwich,0,9,26.8,1,0,0,74
2024-09-23,Tea,0,9,26.8,1,0,0,311
2024-09-23,Cold Coffee,0,9,26.8,1,0,0,66
2024-09-24,Samosa,1,9,31.0,1,0,0,162
2024-09-24,Veg Burger,1,9,31.0,1,0,0,78
2024-09-24,Masala Dosa,1,9,31.0,1,0,0,95
2024-09-24,Chole Bhature,1,9,31.0,1,0,0,85
2024-09-24,Veg Biryani,1,9,31.0,1,0,0,60
2024-09-24,Sandwich,1,9,31.0,1,0,0,83
2024-09-24,Tea,1,9,31.0,1,0,0,252
2024-09-24,Cold Coffee,1,9,31.0,1,0,0,71
2024-09-25,Samosa,2,9,30.8,1,0,0,165
2024-09-25,Veg Burger,2,9,30.8,1,0,0,71
2024-09-25,Masala Dosa,2,9,30.8,1,0,0,89
2024-09-25,Chole Bhature,2,9,30.8,1,0,0,99
2024-09-25,Veg Biryani,2,9,30.8,1,0,0,61
2024-09-25,Sandwich,2,9,30.8,1,0,0,78
2024-09-25,Tea,2,9,30.8,1,0,0,274
2024-09-25,Cold Coffee,2,9,30.8,1,0,0,80
2024-09-26,Samosa,3,9,28.6,0,0,0,110
2024-09-26,Veg Burger,3,9,28.6,0,0,0,72
2024-09-26,Masala Dosa,3,9,28.6,0,0,0,103
2024-09-26,Chole Bhature,3,9,28.6,0,0,0,79
2024-09-26,Veg Biryani,3,9,28.6,0,0,0,56
2024-09-26,Sandwich,3,9,28.6,0,0,0,71
2024-09-26,Tea,3,9,28.6,0,0,0,180
2024-09-26,Cold Coffee,3,9,28.6,0,0,0,82
2024-09-27,Samosa,4,9,27.3,0,0,0,107
2024-09-27,Veg Burger,4,9,27.3,0,0,0,62
2024-09-27,Masala Dosa,4,9,27.3,0,0,0,90
2024-09-27,Chole Bhature,4,9,27.3,0,0,0,81
2024-09-27,Veg Biryani,4,9,27.3,0,0,0,66
2024-09-27,Sandwich,4,9,27.3,0,0,0,82
2024-09-27,Tea,4,9,27.3,0,0,0,196
2024-09-27,Cold Coffee,4,9,27.3,0,0,0,90
2024-09-28,Samosa,5,9,29.2,1,0,0,78
2024-09-28,Veg Burger,5,9,29.2,1,0,0,41
2024-09-28,Masala Dosa,5,9,29.2,1,0,0,50
2024-09-28,Chole Bhature,5,9,29.2,1,0,0,46
2024-09-28,Veg Biryani,5,9,29.2,1,0,0,30
2024-09-28,Sandwich,5,9,29.2,1,0,0,38
2024-09-28,Tea,5,9,29.2,1,0,0,146
2024-09-28,Cold Coffee,5,9,29.2,1,0,0,36
2024-09-29,Samosa,6,9,28.9,1,0,0,35
2024-09-29,Veg Burger,6,9,28.9,1,0,0,19
2024-09-29,Masala Dosa,6,9,28.9,1,0,0,23
2024-09-29,Chole Bhature,6,9,28.9,1,0,0,21
2024-09-29,Veg Biryani,6,9,28.9,1,0,0,16
2024-09-29,Sandwich,6,9,28.9,1,0,0,17
2024-09-29,Tea,6,9,28.9,1,0,0,71
2024-09-29,Cold Coffee,6,9,28.9,1,0,0,17
2024-09-30,Samosa,0,9,27.9,1,0,0,160
2024-09-30,Veg Burger,0,9,27.9,1,0,0,61
2024-09-30,Masala Dosa,0,9,27.9,1,0,0,91
2024-09-30,Chole Bhature,0,9,27.9,1,0,0,78
2024-09-30,Veg Biryani,0,9,27.9,1,0,0,73
2024-09-30,Sandwich,0,9,27.9,1,0,0,73
2024-09-30,Tea,0,9,27.9,1,0,0,254
2024-09-30,Cold Coffee,0,9,27.9,1,0,0,72
2024-10-01,Samosa,1,10,24.7,0,0,0,123
2024-10-01,Veg Burger,1,10,24.7,0,0,0,66
2024-10-01,Masala Dosa,1,10,24.7,0,0,0,91
2024-10-01,Chole Bhature,1,10,24.7,0,0,0,87
2024-10-01,Veg Biryani,1,10,24.7,0,0,0,56
2024-10-01,Sandwich,1,10,24.7,0,0,0,77
2024-10-01,Tea,1,10,24.7,0,0,0,219
2024-10-01,Cold Coffee,1,10,24.7,0,0,0,73
2024-10-02,Samosa,2,10,23.0,0,0,1,36
2024-10-02,Veg Burger,2,10,23.0,0,0,1,21
2024-10-02,Masala Dosa,2,10,23.0,0,0,1,28
2024-10-02,Chole Bhature,2,10,23.0,0,0,1,32
2024-10-02,Veg Biryani,2,10,23.0,0,0,1,20
2024-10-02,Sandwich,2,10,23.0,0,0,1,20
2024-10-02,Tea,2,10,23.0,0,0,1,69
2024-10-02,Cold Coffee,2,10,23.0,0,0,1,23
2024-10-03,Samosa,3,10,24.8,0,0,0,130
2024-10-03,Veg Burger,3,10,24.8,0,0,0,75
2024-10-03,Masala Dosa,3,10,24.8,0,0,0,92
2024-10-03,Chole Bhature,3,10,24.8,0,0,0,90
2024-10-03,Veg Biryani,3,10,24.8,0,0,0,68
2024-10-03,Sandwich,3,10,24.8,0,0,0,86
2024-10-03,Tea,3,10,24.8,0,0,0,204
2024-10-03,Cold Coffee,3,10,24.8,0,0,0,66
2024-10-04,Samosa,4,10,22.9,0,0,0,124
2024-10-04,Veg Burger,4,10,22.9,0,0,0,58
2024-10-04,Masala Dosa,4,10,22.9,0,0,0,95
2024-10-04,Chole Bhature,4,10,22.9,0,0,0,86
2024-10-04,Veg Biryani,4,10,22.9,0,0,0,66
2024-10-04,Sandwich,4,10,22.9,0,0,0,76
2024-10-04,Tea,4,10,22.9,0,0,0,255
2024-10-04,Cold Coffee,4,10,22.9,0,0,0,65
2024-10-05,Samosa,5,10,21.9,0,0,0,74
2024-10-05,Veg Burger,5,10,21.9,0,0,0,39
2024-10-05,Masala Dosa,5,10,21.9,0,0,0,44
2024-10-05,Chole Bhature,5,10,21.9,0,0,0,48
2024-10-05,Veg Biryani,5,10,21.9,0,0,0,36
2024-10-05,Sandwich,5,10,21.9,0,0,0,37
2024-10-05,Tea,5,10,21.9,0,0,0,132
2024-10-05,Cold Coffee,5,10,21.9,0,0,0,36
2024-10-06,Samosa,6,10,22.0,0,0,0,31
2024-10-06,Veg Burger,6,10,22.0,0,0,0,16
2024-10-06,Masala Dosa,6,10,22.0,0,0,0,26
2024-10-06,Chole Bhature,6,10,22.0,0,0,0,19
2024-10-06,Veg Biryani,6,10,22.0,0,0,0,15
2024-10-06,Sandwich,6,10,22.0,0,0,0,19
2024-10-06,Tea,6,10,22.0,0,0,0,63
2024-10-06,Cold Coffee,6,10,22.0,0,0,0,17
2024-10-07,Samosa,0,10,24.8,0,0,0,124
2024-10-07,Veg Burger,0,10,24.8,0,0,0,65
2024-10-07,Masala Dosa,0,10,24.8,0,0,0,112
2024-10-07,Chole Bhature,0,10,24.8,0,0,0,73
2024-10-07,Veg Biryani,0,10,24.8,0,0,0,67
2024-10-07,Sandwich,0,10,24.8,0,0,0,65
2024-10-07,Tea,0,10,24.8,0,0,0,222
2024-10-07,Cold Coffee,0,10,24.8,0,0,0,75
2024-10-08,Samosa,1,10,25.5,0,0,0,116
2024-10-08,Veg Burger,1,10,25.5,0,0,0,69
2024-10-08,Masala Dosa,1,10,25.5,0,0,0,89
2024-10-08,Chole Bhature,1,10,25.5,0,0,0,77
2024-10-08,Veg Biryani,1,10,25.5,0,0,0,61
2024-10-08,Sandwich,1,10,25.5,0,0,0,70
2024-10-08,Tea,1,10,25.5,0,0,0,191
2024-10-08,Cold Coffee,1,10,25.5,0,0,0,80
2024-10-09,Samosa,2,10,25.3,0,0,0,112
2024-10-09,Veg Burger,2,10,25.3,0,0,0,72
2024-10-09,Masala Dosa,2,10,25.3,0,0,0,91
2024-10-09,Chole Bhature,2,10,25.3,0,0,0,105
2024-10-09,Veg Biryani,2,10,25.3,0,0,0,59
2024-10-09,Sandwich,2,10,25.3,0,0,0,74
2024-10-09,Tea,2,10,25.3,0,0,0,203
2024-10-09,Cold Coffee,2,10,25.3,0,0,0,78
2024-10-10,Samosa,3,10,24.6,0,0,0,118
2024-10-10,Veg Burger,3,10,24.6,0,0,0,66
2024-10-10,Masala Dosa,3,10,24.6,0,0,0,89
2024-10-10,Chole Bhature,3,10,24.6,0,0,0,70
2024-10-10,Veg Biryani,3,10,24.6,0,0,0,58
2024-10-10,Sandwich,3,10,24.6,0,0,0,73
2024-10-10,Tea,3,10,24.6,0,0,0,209
2024-10-10,Cold Coffee,3,10,24.6,0,0,0,72
2024-10-11,Samosa,4,10,23.9,0,0,0,125
2024-10-11,Veg Burger,4,10,23.9,0,0,0,67
2024-10-11,Masala Dosa,4,10,23.9,0,0,0,98
2024-10-11,Chole Bhature,4,10,23.9,0,0,0,74
2024-10-11,Veg Biryani,4,10,23.9,0,0,0,65
2024-10-11,Sandwich,4,10,23.9,0,0,0,73
2024-10-11,Tea,4,10,23.9,0,0,0,206
2024-10-11,Cold Coffee,4,10,23.9,0,0,0,79
2024-10-12,Samosa,5,10,21.7,1,0,0,90
2024-10-12,Veg Burger,5,10,21.7,1,0,0,37
2024-10-12,Masala Dosa,5,10,21.7,1,0,0,48
2024-10-12,Chole Bhature,5,10,21.7,1,0,0,41
2024-10-12,Veg Biryani,5,10,21.7,1,0,0,33
2024-10-12,Sandwich,5,10,21.7,1,0,0,38
2024-10-12,Tea,5,10,21.7,1,0,0,168
2024-10-12,Cold Coffee,5,10,21.7,1,0,0,24
2024-10-13,Samosa,6,10,23.3,0,0,0,31
2024-10-13,Veg Burger,6,10,23.3,0,0,0,16
2024-10-13,Masala Dosa,6,10,23.3,0,0,0,23
2024-10-13,Chole Bhature,6,10,23.3,0,0,0,18
2024-10-13,Veg Biryani,6,10,23.3,0,0,0,16
2024-10-13,Sandwich,6,10,23.3,0,0,0,17
2024-10-13,Tea,6,10,23.3,0,0,0,55
2024-10-13,Cold Coffee,6,10,23.3,0,0,0,15
2024-10-14,Samosa,0,10,23.2,0,0,0,119
2024-10-14,Veg Burger,0,10,23.2,0,0,0,66
2024-10-14,Masala Dosa,0,10,23.2,0,0,0,103
2024-10-14,Chole Bhature,0,10,23.2,0,0,0,78
2024-10-14,Veg Biryani,0,10,23.2,0,0,0,79
2024-10-14,Sandwich,0,10,23.2,0,0,0,80
2024-10-14,Tea,0,10,23.2,0,0,0,228
2024-10-14,Cold Coffee,0,10,23.2,0,0,0,71
2024-10-15,Samosa,1,10,24.8,0,0,0,101
2024-10-15,Veg Burger,1,10,24.8,0,0,0,63
2024-10-15,Masala Dosa,1,10,24.8,0,0,0,86
2024-10-15,Chole Bhature,1,10,24.8,0,0,0,91
2024-10-15,Veg Biryani,1,10,24.8,0,0,0,60
2024-10-15,Sandwich,1,10,24.8,0,0,0,55
2024-10-15,Tea,1,10,24.8,0,0,0,188
2024-10-15,Cold Coffee,1,10,24.8,0,0,0,72
2024-10-16,Samosa,2,10,26.1,0,0,0,104
2024-10-16,Veg Burger,2,10,26.1,0,0,0,65
2024-10-16,Masala Dosa,2,10,26.1,0,0,0,101
2024-10-16,Chole Bhature,2,10,26.1,0,0,0,94
2024-10-16,Veg Biryani,2,10,26.1,0,0,0,59
2024-10-16,Sandwich,2,10,26.1,0,0,0,73
2024-10-16,Tea,2,10,26.1,0,0,0,239
2024-10-16,Cold Coffee,2,10,26.1,0,0,0,89
2024-10-17,Samosa,3,10,28.4,0,0,0,118
2024-10-17,Veg Burger,3,10,28.4,0,0,0,58
2024-10-17,Masala Dosa,3,10,28.4,0,0,0,96
2024-10-17,Chole Bhature,3,10,28.4,0,0,0,74
2024-10-17,Veg Biryani,3,10,28.4,0,0,0,62
2024-10-17,Sandwich,3,10,28.4,0,0,0,67
2024-10-17,Tea,3,10,28.4,0,0,0,203
2024-10-17,Cold Coffee,3,10,28.4,0,0,0,80
2024-10-18,Samosa,4,10,22.6,0,0,0,115
2024-10-18,Veg Burger,4,10,22.6,0,0,0,75
2024-10-18,Masala Dosa,4,10,22.6,0,0,0,82
2024-10-18,Chole Bhature,4,10,22.6,0,0,0,81
2024-10-18,Veg Biryani,4,10,22.6,0,0,0,76
2024-10-18,Sandwich,4,10,22.6,0,0,0,72
2024-10-18,Tea,4,10,22.6,0,0,0,209
2024-10-18,Cold Coffee,4,10,22.6,0,0,0,65
2024-10-19,Samosa,5,10,26.4,0,0,0,67
2024-10-19,Veg Burger,5,10,26.4,0,0,0,40
2024-10-19,Masala Dosa,5,10,26.4,0,0,0,46
2024-10-19,Chole Bhature,5,10,26.4,0,0,0,42
2024-10-19,Veg Biryani,5,10,26.4,0,0,0,31
2024-10-19,Sandwich,5,10,26.4,0,0,0,40
2024-10-19,Tea,5,10,26.4,0,0,0,118
2024-10-19,Cold Coffee,5,10,26.4,0,0,0,45
2024-10-20,Samosa,6,10,24.8,0,0,0,28
2024-10-20,Veg Burger,6,10,24.8,0,0,0,18
2024-10-20,Masala Dosa,6,10,24.8,0,0,0,19
2024-10-20,Chole Bhature,6,10,24.8,0,0,0,19
2024-10-20,Veg Biryani,6,10,24.8,0,0,0,15
2024-10-20,Sandwich,6,10,24.8,0,0,0,17
2024-10-20,Tea,6,10,24.8,0,0,0,49
2024-10-20,Cold Coffee,6,10,24.8,0,0,0,18
2024-10-21,Samosa,0,10,24.6,0,0,0,118
2024-10-21,Veg Burger,0,10,24.6,0,0,0,79
2024-10-21,Masala Dosa,0,10,24.6,0,0,0,89
2024-10-21,Chole Bhature,0,10,24.6,0,0,0,80
2024-10-21,Veg Biryani,0,10,24.6,0,0,0,62
2024-10-21,Sandwich,0,10,24.6,0,0,0,87
2024-10-21,Tea,0,10,24.6,0,0,0,190
2024-10-21,Cold Coffee,0,10,24.6,0,0,0,80
2024-10-22,Samosa,1,10,23.3,0,0,0,121
2024-10-22,Veg Burger,1,10,23.3,0,0,0,58
2024-10-22,Masala Dosa,1,10,23.3,0,0,0,96
2024-10-22,Chole Bhature,1,10,23.3,0,0,0,81
2024-10-22,Veg Biryani,1,10,23.3,0,0,0,62
2024-10-22,Sandwich,1,10,23.3,0,0,0,99
2024-10-22,Tea,1,10,23.3,0,0,0,182
2024-10-22,Cold Coffee,1,10,23.3,0,0,0,79
2024-10-23,Samosa,2,10,23.4,1,0,0,160
2024-10-23,Veg Burger,2,10,23.4,1,0,0,61
2024-10-23,Masala Dosa,2,10,23.4,1,0,0,88
2024-10-23,Chole Bhature,2,10,23.4,1,0,0,98
2024-10-23,Veg Biryani,2,10,23.4,1,0,0,56
2024-10-23,Sandwich,2,10,23.4,1,0,0,70
2024-10-23,Tea,2,10,23.4,1,0,0,272
2024-10-23,Cold Coffee,2,10,23.4,1,0,0,61
2024-10-24,Samosa,3,10,23.0,0,0,1,34
2024-10-24,Veg Burger,3,10,23.0,0,0,1,22
2024-10-24,Masala Dosa,3,10,23.0,0,0,1,25
2024-10-24,Chole Bhature,3,10,23.0,0,0,1,25
2024-10-24,Veg Biryani,3,10,23.0,0,0,1,19
2024-10-24,Sandwich,3,10,23.0,0,0,1,26
2024-10-24,Tea,3,10,23.0,0,0,1,65
2024-10-24,Cold Coffee,3,10,23.0,0,0,1,21
2024-10-25,Samosa,4,10,24.2,0,0,0,132
2024-10-25,Veg Burger,4,10,24.2,0,0,0,66
2024-10-25,Masala Dosa,4,10,24.2,0,0,0,81
2024-10-25,Chole Bhature,4,10,24.2,0,0,0,83
2024-10-25,Veg Biryani,4,10,24.2,0,0,0,70
2024-10-25,Sandwich,4,10,24.2,0,0,0,79
2024-10-25,Tea,4,10,24.2,0,0,0,190
2024-10-25,Cold Coffee,4,10,24.2,0,0,0,65
2024-10-26,Samosa,5,10,26.3,0,0,0,61
2024-10-26,Veg Burger,5,10,26.3,0,0,0,41
2024-10-26,Masala Dosa,5,10,26.3,0,0,0,53
2024-10-26,Chole Bhature,5,10,26.3,0,0,0,49
2024-10-26,Veg Biryani,5,10,26.3,0,0,0,31
2024-10-26,Sandwich,5,10,26.3,0,0,0,40
2024-10-26,Tea,5,10,26.3,0,0,0,99
2024-10-26,Cold Coffee,5,10,26.3,0,0,0,42
2024-10-27,Samosa,6,10,26.0,0,0,0,29
2024-10-27,Veg Burger,6,10,26.0,0,0,0,17
2024-10-27,Masala Dosa,6,10,26.0,0,0,0,20
2024-10-27,Chole Bhature,6,10,26.0,0,0,0,18
2024-10-27,Veg Biryani,6,10,26.0,0,0,0,15
2024-10-27,Sandwich,6,10,26.0,0,0,0,19
2024-10-27,Tea,6,10,26.0,0,0,0,54
2024-10-27,Cold Coffee,6,10,26.0,0,0,0,17
2024-10-28,Samosa,0,10,24.0,0,0,0,132
2024-10-28,Veg Burger,0,10,24.0,0,0,0,74
2024-10-28,Masala Dosa,0,10,24.0,0,0,0,93
2024-10-28,Chole Bhature,0,10,24.0,0,0,0,90
2024-10-28,Veg Biryani,0,10,24.0,0,0,0,64
2024-10-28,Sandwich,0,10,24.0,0,0,0,85
2024-10-28,Tea,0,10,24.0,0,0,0,232
2024-10-28,Cold Coffee,0,10,24.0,0,0,0,70
2024-10-29,Samosa,1,10,26.3,0,0,0,109
2024-10-29,Veg Burger,1,10,26.3,0,0,0,67
2024-10-29,Masala Dosa,1,10,26.3,0,0,0,86
2024-10-29,Chole Bhature,1,10,26.3,0,0,0,75
2024-10-29,Veg Biryani,1,10,26.3,0,0,0,51
2024-10-29,Sandwich,1,10,26.3,0,0,0,76
2024-10-29,Tea,1,10,26.3,0,0,0,235
2024-10-29,Cold Coffee,1,10,26.3,0,0,0,79
2024-10-30,Samosa,2,10,20.3,0,0,0,107
2024-10-30,Veg Burger,2,10,20.3,0,0,0,81
2024-10-30,Masala Dosa,2,10,20.3,0,0,0,97
2024-10-30,Chole Bhature,2,10,20.3,0,0,0,97
2024-10-30,Veg Biryani,2,10,20.3,0,0,0,66
2024-10-30,Sandwich,2,10,20.3,0,0,0,70
2024-10-30,Tea,2,10,20.3,0,0,0,241
2024-10-30,Cold Coffee,2,10,20.3,0,0,0,60
2024-10-31,Samosa,3,10,24.5,0,0,0,132
2024-10-31,Veg Burger,3,10,24.5,0,0,0,69
2024-10-31,Masala Dosa,3,10,24.5,0,0,0,96
2024-10-31,Chole Bhature,3,10,24.5,0,0,0,83
2024-10-31,Veg Biryani,3,10,24.5,0,0,0,62
2024-10-31,Sandwich,3,10,24.5,0,0,0,76
2024-10-31,Tea,3,10,24.5,0,0,0,198
2024-10-31,Cold Coffee,3,10,24.5,0,0,0,67
2024-11-01,Samosa,4,11,20.9,0,1,1,36
2024-11-01,Veg Burger,4,11,20.9,0,1,1,20
2024-11-01,Masala Dosa,4,11,20.9,0,1,1,24
2024-11-01,Chole Bhature,4,11,20.9,0,1,1,21
2024-11-01,Veg Biryani,4,11,20.9,0,1,1,17
2024-11-01,Sandwich,4,11,20.9,0,1,1,20
2024-11-01,Tea,4,11,20.9,0,1,1,84
2024-11-01,Cold Coffee,4,11,20.9,0,1,1,16
2024-11-02,Samosa,5,11,21.7,0,1,0,59
2024-11-02,Veg Burger,5,11,21.7,0,1,0,34
2024-11-02,Masala Dosa,5,11,21.7,0,1,0,46
2024-11-02,Chole Bhature,5,11,21.7,0,1,0,38
2024-11-02,Veg Biryani,5,11,21.7,0,1,0,29
2024-11-02,Sandwich,5,11,21.7,0,1,0,38
2024-11-02,Tea,5,11,21.7,0,1,0,145
2024-11-02,Cold Coffee,5,11,21.7,0,1,0,31
2024-11-03,Samosa,6,11,20.6,0,1,0,28
2024-11-03,Veg Burger,6,11,20.6,0,1,0,14
2024-11-03,Masala Dosa,6,11,20.6,0,1,0,22
2024-11-03,Chole Bhature,6,11,20.6,0,1,0,17
2024-11-03,Veg Biryani,6,11,20.6,0,1,0,13
2024-11-03,Sandwich,6,11,20.6,0,1,0,19
2024-11-03,Tea,6,11,20.6,0,1,0,62
2024-11-03,Cold Coffee,6,11,20.6,0,1,0,13
2024-11-04,Samosa,0,11,19.9,0,1,0,117
2024-11-04,Veg Burger,0,11,19.9,0,1,0,63
2024-11-04,Masala Dosa,0,11,19.9,0,1,0,75
2024-11-04,Chole Bhature,0,11,19.9,0,1,0,79
2024-11-04,Veg Biryani,0,11,19.9,0,1,0,62
2024-11-04,Sandwich,0,11,19.9,0,1,0,64
2024-11-04,Tea,0,11,19.9,0,1,0,250
2024-11-04,Cold Coffee,0,11,19.9,0,1,0,60
2024-11-05,Samosa,1,11,22.0,0,1,0,92
2024-11-05,Veg Burger,1,11,22.0,0,1,0,61
2024-11-05,Masala Dosa,1,11,22.0,0,1,0,82
2024-11-05,Chole Bhature,1,11,22.0,0,1,0,75
2024-11-05,Veg Biryani,1,11,22.0,0,1,0,52
2024-11-05,Sandwich,1,11,22.0,0,1,0,68
2024-11-05,Tea,1,11,22.0,0,1,0,215
2024-11-05,Cold Coffee,1,11,22.0,0,1,0,61
2024-11-06,Samosa,2,11,22.0,0,1,0,100
2024-11-06,Veg Burger,2,11,22.0,0,1,0,72
2024-11-06,Masala Dosa,2,11,22.0,0,1,0,84
2024-11-06,Chole Bhature,2,11,22.0,0,1,0,85
2024-11-06,Veg Biryani,2,11,22.0,0,1,0,51
2024-11-06,Sandwich,2,11,22.0,0,1,0,69
2024-11-06,Tea,2,11,22.0,0,1,0,249
2024-11-06,Cold Coffee,2,11,22.0,0,1,0,66
2024-11-07,Samosa,3,11,22.0,1,1,0,148
2024-11-07,Veg Burger,3,11,22.0,1,1,0,53
2024-11-07,Masala Dosa,3,11,22.0,1,1,0,89
2024-11-07,Chole Bhature,3,11,22.0,1,1,0,70
2024-11-07,Veg Biryani,3,11,22.0,1,1,0,56
2024-11-07,Sandwich,3,11,22.0,1,1,0,74
2024-11-07,Tea,3,11,22.0,1,1,0,311
2024-11-07,Cold Coffee,3,11,22.0,1,1,0,49
2024-11-08,Samosa,4,11,20.5,0,1,0,101
2024-11-08,Veg Burger,4,11,20.5,0,1,0,69
2024-11-08,Masala Dosa,4,11,20.5,0,1,0,89
2024-11-08,Chole Bhature,4,11,20.5,0,1,0,71
2024-11-08,Veg Biryani,4,11,20.5,0,1,0,59
2024-11-08,Sandwich,4,11,20.5,0,1,0,65
2024-11-08,Tea,4,11,20.5,0,1,0,268
2024-11-08,Cold Coffee,4,11,20.5,0,1,0,54
2024-11-09,Samosa,5,11,20.5,0,1,0,52
2024-11-09,Veg Burger,5,11,20.5,0,1,0,36
2024-11-09,Masala Dosa,5,11,20.5,0,1,0,51
2024-11-09,Chole Bhature,5,11,20.5,0,1,0,40
2024-11-09,Veg Biryani,5,11,20.5,0,1,0,30
2024-11-09,Sandwich,5,11,20.5,0,1,0,39
2024-11-09,Tea,5,11,20.5,0,1,0,136
2024-11-09,Cold Coffee,5,11,20.5,0,1,0,37
2024-11-10,Samosa,6,11,21.5,0,1,0,31
2024-11-10,Veg Burger,6,11,21.5,0,1,0,18
2024-11-10,Masala Dosa,6,11,21.5,0,1,0,19
2024-11-10,Chole Bhature,6,11,21.5,0,1,0,18
2024-11-10,Veg Biryani,6,11,21.5,0,1,0,14
2024-11-10,Sandwich,6,11,21.5,0,1,0,17
2024-11-10,Tea,6,11,21.5,0,1,0,75
2024-11-10,Cold Coffee,6,11,21.5,0,1,0,15
2024-11-11,Samosa,0,11,23.4,0,1,0,106
2024-11-11,Veg Burger,0,11,23.4,0,1,0,65
2024-11-11,Masala Dosa,0,11,23.4,0,1,0,81
2024-11-11,Chole Bhature,0,11,23.4,0,1,0,79
2024-11-11,Veg Biryani,0,11,23.4,0,1,0,52
2024-11-11,Sandwich,0,11,23.4,0,1,0,68
2024-11-11,Tea,0,11,23.4,0,1,0,224
2024-11-11,Cold Coffee,0,11,23.4,0,1,0,74
2024-11-12,Samosa,1,11,20.9,0,1,0,112
2024-11-12,Veg Burger,1,11,20.9,0,1,0,70
2024-11-12,Masala Dosa,1,11,20.9,0,1,0,73
2024-11-12,Chole Bhature,1,11,20.9,0,1,0,80
2024-11-12,Veg Biryani,1,11,20.9,0,1,0,52
2024-11-12,Sandwich,1,11,20.9,0,1,0,68
2024-11-12,Tea,1,11,20.9,0,1,0,267
2024-11-12,Cold Coffee,1,11,20.9,0,1,0,67
2024-11-13,Samosa,2,11,23.2,0,1,0,97
2024-11-13,Veg Burger,2,11,23.2,0,1,0,66
2024-11-13,Masala Dosa,2,11,23.2,0,1,0,84
2024-11-13,Chole Bhature,2,11,23.2,0,1,0,73
2024-11-13,Veg Biryani,2,11,23.2,0,1,0,49
2024-11-13,Sandwich,2,11,23.2,0,1,0,66
2024-11-13,Tea,2,11,23.2,0,1,0,257
2024-11-13,Cold Coffee,2,11,23.2,0,1,0,62
2024-11-14,Samosa,3,11,21.8,0,1,0,110
2024-11-14,Veg Burger,3,11,21.8,0,1,0,59
2024-11-14,Masala Dosa,3,11,21.8,0,1,0,80
2024-11-14,Chole Bhature,3,11,21.8,0,1,0,65
2024-11-14,Veg Biryani,3,11,21.8,0,1,0,55
2024-11-14,Sandwich,3,11,21.8,0,1,0,65
2024-11-14,Tea,3,11,21.8,0,1,0,259
2024-11-14,Cold Coffee,3,11,21.8,0,1,0,61
2024-11-15,Samosa,4,11,20.9,1,1,0,119
2024-11-15,Veg Burger,4,11,20.9,1,1,0,70
2024-11-15,Masala Dosa,4,11,20.9,1,1,0,81
2024-11-15,Chole Bhature,4,11,20.9,1,1,0,70
2024-11-15,Veg Biryani,4,11,20.9,1,1,0,62
2024-11-15,Sandwich,4,11,20.9,1,1,0,67
2024-11-15,Tea,4,11,20.9,1,1,0,307
2024-11-15,Cold Coffee,4,11,20.9,1,1,0,55
2024-11-16,Samosa,5,11,21.2,0,1,0,62
2024-11-16,Veg Burger,5,11,21.2,0,1,0,32
2024-11-16,Masala Dosa,5,11,21.2,0,1,0,48
2024-11-16,Chole Bhature,5,11,21.2,0,1,0,39
2024-11-16,Veg Biryani,5,11,21.2,0,1,0,32
2024-11-16,Sandwich,5,11,21.2,0,1,0,35
2024-11-16,Tea,5,11,21.2,0,1,0,151
2024-11-16,Cold Coffee,5,11,21.2,0,1,0,37
2024-11-17,Samosa,6,11,20.5,0,1,0,25
2024-11-17,Veg Burger,6,11,20.5,0,1,0,15
2024-11-17,Masala Dosa,6,11,20.5,0,1,0,20
2024-11-17,Chole Bhature,6,11,20.5,0,1,0,17
2024-11-17,Veg Biryani,6,11,20.5,0,1,0,14
2024-11-17,Sandwich,6,11,20.5,0,1,0,16
2024-11-17,Tea,6,11,20.5,0,1,0,53
2024-11-17,Cold Coffee,6,11,20.5,0,1,0,14
2024-11-18,Samosa,0,11,19.0,0,1,0,94
2024-11-18,Veg Burger,0,11,19.0,0,1,0,64
2024-11-18,Masala Dosa,0,11,19.0,0,1,0,73
2024-11-18,Chole Bhature,0,11,19.0,0,1,0,76
2024-11-18,Veg Biryani,0,11,19.0,0,1,0,66
2024-11-18,Sandwich,0,11,19.0,0,1,0,67
2024-11-18,Tea,0,11,19.0,0,1,0,279
2024-11-18,Cold Coffee,0,11,19.0,0,1,0,51
2024-11-19,Samosa,1,11,18.4,0,1,0,105
2024-11-19,Veg Burger,1,11,18.4,0,1,0,64
2024-11-19,Masala Dosa,1,11,18.4,0,1,0,80
2024-11-19,Chole Bhature,1,11,18.4,0,1,0,70
2024-11-19,Veg Biryani,1,11,18.4,0,1,0,50
2024-11-19,Sandwich,1,11,18.4,0,1,0,71
2024-11-19,Tea,1,11,18.4,0,1,0,256
2024-11-19,Cold Coffee,1,11,18.4,0,1,0,56
2024-11-20,Samosa,2,11,19.1,0,1,0,101
2024-11-20,Veg Burger,2,11,19.1,0,1,0,67
2024-11-20,Masala Dosa,2,11,19.1,0,1,0,74
2024-11-20,Chole Bhature,2,11,19.1,0,1,0,90
2024-11-20,Veg Biryani,2,11,19.1,0,1,0,58
2024-11-20,Sandwich,2,11,19.1,0,1,0,65
2024-11-20,Tea,2,11,19.1,0,1,0,309
2024-11-20,Cold Coffee,2,11,19.1,0,1,0,57
2024-11-21,Samosa,3,11,19.7,0,1,0,98
2024-11-21,Veg Burger,3,11,19.7,0,1,0,68
2024-11-21,Masala Dosa,3,11,19.7,0,1,0,87
2024-11-21,Chole Bhature,3,11,19.7,0,1,0,83
2024-11-21,Veg Biryani,3,11,19.7,0,1,0,52
2024-11-21,Sandwich,3,11,19.7,0,1,0,71
2024-11-21,Tea,3,11,19.7,0,1,0,331
2024-11-21,Cold Coffee,3,11,19.7,0,1,0,54
2024-11-22,Samosa,4,11,18.0,0,1,0,92
2024-11-22,Veg Burger,4,11,18.0,0,1,0,69
2024-11-22,Masala Dosa,4,11,18.0,0,1,0,82
2024-11-22,Chole Bhature,4,11,18.0,0,1,0,77
2024-11-22,Veg Biryani,4,11,18.0,0,1,0,65
2024-11-22,Sandwich,4,11,18.0,0,1,0,75
2024-11-22,Tea,4,11,18.0,0,1,0,295
2024-11-22,Cold Coffee,4,11,18.0,0,1,0,54
2024-11-23,Samosa,5,11,19.6,0,1,0,64
2024-11-23,Veg Burger,5,11,19.6,0,1,0,36
2024-11-23,Masala Dosa,5,11,19.6,0,1,0,49
2024-11-23,Chole Bhature,5,11,19.6,0,1,0,36
2024-11-23,Veg Biryani,5,11,19.6,0,1,0,34
2024-11-23,Sandwich,5,11,19.6,0,1,0,42
2024-11-23,Tea,5,11,19.6,0,1,0,163
2024-11-23,Cold Coffee,5,11,19.6,0,1,0,35
2024-11-24,Samosa,6,11,17.8,0,1,0,26
2024-11-24,Veg Burger,6,11,17.8,0,1,0,17
2024-11-24,Masala Dosa,6,11,17.8,0,1,0,19
2024-11-24,Chole Bhature,6,11,17.8,0,1,0,19
2024-11-24,Veg Biryani,6,11,17.8,0,1,0,12
2024-11-24,Sandwich,6,11,17.8,0,1,0,16
2024-11-24,Tea,6,11,17.8,0,1,0,76
2024-11-24,Cold Coffee,6,11,17.8,0,1,0,14
2024-11-25,Samosa,0,11,21.7,1,1,0,131
2024-11-25,Veg Burger,0,11,21.7,1,1,0,69
2024-11-25,Masala Dosa,0,11,21.7,1,1,0,86
2024-11-25,Chole Bhature,0,11,21.7,1,1,0,72
2024-11-25,Veg Biryani,0,11,21.7,1,1,0,60
2024-11-25,Sandwich,0,11,21.7,1,1,0,57
2024-11-25,Tea,0,11,21.7,1,1,0,321
2024-11-25,Cold Coffee,0,11,21.7,1,1,0,59
2024-11-26,Samosa,1,11,18.5,0,1,0,110
2024-11-26,Veg Burger,1,11,18.5,0,1,0,64
2024-11-26,Masala Dosa,1,11,18.5,0,1,0,81
2024-11-26,Chole Bhature,1,11,18.5,0,1,0,81
2024-11-26,Veg Biryani,1,11,18.5,0,1,0,62
2024-11-26,Sandwich,1,11,18.5,0,1,0,63
2024-11-26,Tea,1,11,18.5,0,1,0,286
2024-11-26,Cold Coffee,1,11,18.5,0,1,0,54
2024-11-27,Samosa,2,11,19.5,0,1,0,107
2024-11-27,Veg Burger,2,11,19.5,0,1,0,67
2024-11-27,Masala Dosa,2,11,19.5,0,1,0,84
2024-11-27,Chole Bhature,2,11,19.5,0,1,0,81
2024-11-27,Veg Biryani,2,11,19.5,0,1,0,55
2024-11-27,Sandwich,2,11,19.5,0,1,0,57
2024-11-27,Tea,2,11,19.5,0,1,0,294
2024-11-27,Cold Coffee,2,11,19.5,0,1,0,57
2024-11-28,Samosa,3,11,22.3,0,1,0,117
2024-11-28,Veg Burger,3,11,22.3,0,1,0,62
2024-11-28,Masala Dosa,3,11,22.3,0,1,0,83
2024-11-28,Chole Bhature,3,11,22.3,0,1,0,76
2024-11-28,Veg Biryani,3,11,22.3,0,1,0,49
2024-11-28,Sandwich,3,11,22.3,0,1,0,74
2024-11-28,Tea,3,11,22.3,0,1,0,304
2024-11-28,Cold Coffee,3,11,22.3,0,1,0,72
2024-11-29,Samosa,4,11,18.6,0,1,0,100
2024-11-29,Veg Burger,4,11,18.6,0,1,0,61
2024-11-29,Masala Dosa,4,11,18.6,0,1,0,82
2024-11-29,Chole Bhature,4,11,18.6,0,1,0,76
2024-11-29,Veg Biryani,4,11,18.6,0,1,0,61
2024-11-29,Sandwich,4,11,18.6,0,1,0,63
2024-11-29,Tea,4,11,18.6,0,1,0,305
2024-11-29,Cold Coffee,4,11,18.6,0,1,0,56
2024-11-30,Samosa,5,11,19.2,0,1,0,66
2024-11-30,Veg Burger,5,11,19.2,0,1,0,35
2024-11-30,Masala Dosa,5,11,19.2,0,1,0,43
2024-11-30,Chole Bhature,5,11,19.2,0,1,0,42
2024-11-30,Veg Biryani,5,11,19.2,0,1,0,36
2024-11-30,Sandwich,5,11,19.2,0,1,0,37
2024-11-30,Tea,5,11,19.2,0,1,0,145
2024-11-30,Cold Coffee,5,11,19.2,0,1,0,34
2024-12-01,Samosa,6,12,16.8,0,0,0,29
2024-12-01,Veg Burger,6,12,16.8,0,0,0,17
2024-12-01,Masala Dosa,6,12,16.8,0,0,0,21
2024-12-01,Chole Bhature,6,12,16.8,0,0,0,20
2024-12-01,Veg Biryani,6,12,16.8,0,0,0,17
2024-12-01,Sandwich,6,12,16.8,0,0,0,15
2024-12-01,Tea,6,12,16.8,0,0,0,67
2024-12-01,Cold Coffee,6,12,16.8,0,0,0,12
2024-12-02,Samosa,0,12,17.6,0,0,0,110
2024-12-02,Veg Burger,0,12,17.6,0,0,0,77
2024-12-02,Masala Dosa,0,12,17.6,0,0,0,98
2024-12-02,Chole Bhature,0,12,17.6,0,0,0,75
2024-12-02,Veg Biryani,0,12,17.6,0,0,0,67
2024-12-02,Sandwich,0,12,17.6,0,0,0,69
2024-12-02,Tea,0,12,17.6,0,0,0,248
2024-12-02,Cold Coffee,0,12,17.6,0,0,0,57
2024-12-03,Samosa,1,12,21.4,0,0,0,125
2024-12-03,Veg Burger,1,12,21.4,0,0,0,72
2024-12-03,Masala Dosa,1,12,21.4,0,0,0,103
2024-12-03,Chole Bhature,1,12,21.4,0,0,0,80
2024-12-03,Veg Biryani,1,12,21.4,0,0,0,54
2024-12-03,Sandwich,1,12,21.4,0,0,0,78
2024-12-03,Tea,1,12,21.4,0,0,0,264
2024-12-03,Cold Coffee,1,12,21.4,0,0,0,57
2024-12-04,Samosa,2,12,19.3,0,0,0,124
2024-12-04,Veg Burger,2,12,19.3,0,0,0,84
2024-12-04,Masala Dosa,2,12,19.3,0,0,0,85
2024-12-04,Chole Bhature,2,12,19.3,0,0,0,89
2024-12-04,Veg Biryani,2,12,19.3,0,0,0,60
2024-12-04,Sandwich,2,12,19.3,0,0,0,82
2024-12-04,Tea,2,12,19.3,0,0,0,278
2024-12-04,Cold Coffee,2,12,19.3,0,0,0,58
2024-12-05,Samosa,3,12,17.5,0,0,0,120
2024-12-05,Veg Burger,3,12,17.5,0,0,0,67
2024-12-05,Masala Dosa,3,12,17.5,0,0,0,82
2024-12-05,Chole Bhature,3,12,17.5,0,0,0,85
2024-12-05,Veg Biryani,3,12,17.5,0,0,0,64
2024-12-05,Sandwich,3,12,17.5,0,0,0,66
2024-12-05,Tea,3,12,17.5,0,0,0,273
2024-12-05,Cold Coffee,3,12,17.5,0,0,0,52
2024-12-06,Samosa,4,12,22.8,0,0,0,107
2024-12-06,Veg Burger,4,12,22.8,0,0,0,73
2024-12-06,Masala Dosa,4,12,22.8,0,0,0,83
2024-12-06,Chole Bhature,4,12,22.8,0,0,0,67
2024-12-06,Veg Biryani,4,12,22.8,0,0,0,73
2024-12-06,Sandwich,4,12,22.8,0,0,0,73
2024-12-06,Tea,4,12,22.8,0,0,0,218
2024-12-06,Cold Coffee,4,12,22.8,0,0,0,71
2024-12-07,Samosa,5,12,22.0,0,0,0,61
2024-12-07,Veg Burger,5,12,22.0,0,0,0,44
2024-12-07,Masala Dosa,5,12,22.0,0,0,0,48
2024-12-07,Chole Bhature,5,12,22.0,0,0,0,50
2024-12-07,Veg Biryani,5,12,22.0,0,0,0,35
2024-12-07,Sandwich,5,12,22.0,0,0,0,41
2024-12-07,Tea,5,12,22.0,0,0,0,118
2024-12-07,Cold Coffee,5,12,22.0,0,0,0,35
2024-12-08,Samosa,6,12,20.9,0,0,0,30
2024-12-08,Veg Burger,6,12,20.9,0,0,0,17
2024-12-08,Masala Dosa,6,12,20.9,0,0,0,22
2024-12-08,Chole Bhature,6,12,20.9,0,0,0,18
2024-12-08,Veg Biryani,6,12,20.9,0,0,0,15
2024-12-08,Sandwich,6,12,20.9,0,0,0,16
2024-12-08,Tea,6,12,20.9,0,0,0,54
2024-12-08,Cold Coffee,6,12,20.9,0,0,0,14
2024-12-09,Samosa,0,12,19.5,0,0,0,103
2024-12-09,Veg Burger,0,12,19.5,0,0,0,62
2024-12-09,Masala Dosa,0,12,19.5,0,0,0,85
2024-12-09,Chole Bhature,0,12,19.5,0,0,0,93
2024-12-09,Veg Biryani,0,12,19.5,0,0,0,66
2024-12-09,Sandwich,0,12,19.5,0,0,0,76
2024-12-09,Tea,0,12,19.5,0,0,0,241
2024-12-09,Cold Coffee,0,12,19.5,0,0,0,57
2024-12-10,Samosa,1,12,19.8,0,0,0,109
2024-12-10,Veg Burger,1,12,19.8,0,0,0,60
2024-12-10,Masala Dosa,1,12,19.8,0,0,0,101
2024-12-10,Chole Bhature,1,12,19.8,0,0,0,75
2024-12-10,Veg Biryani,1,12,19.8,0,0,0,58
2024-12-10,Sandwich,1,12,19.8,0,0,0,68
2024-12-10,Tea,1,12,19.8,0,0,0,226
2024-12-10,Cold Coffee,1,12,19.8,0,0,0,53
2024-12-11,Samosa,2,12,21.4,1,0,0,183
2024-12-11,Veg Burger,2,12,21.4,1,0,0,77
2024-12-11,Masala Dosa,2,12,21.4,1,0,0,92
2024-12-11,Chole Bhature,2,12,21.4,1,0,0,104
2024-12-11,Veg Biryani,2,12,21.4,1,0,0,65
2024-12-11,Sandwich,2,12,21.4,1,0,0,72
2024-12-11,Tea,2,12,21.4,1,0,0,275
2024-12-11,Cold Coffee,2,12,21.4,1,0,0,50
2024-12-12,Samosa,3,12,21.7,0,0,0,121
2024-12-12,Veg Burger,3,12,21.7,0,0,0,66
2024-12-12,Masala Dosa,3,12,21.7,0,0,0,87
2024-12-12,Chole Bhature,3,12,21.7,0,0,0,79
2024-12-12,Veg Biryani,3,12,21.7,0,0,0,54
2024-12-12,Sandwich,3,12,21.7,0,0,0,70
2024-12-12,Tea,3,12,21.7,0,0,0,228
2024-12-12,Cold Coffee,3,12,21.7,0,0,0,70
2024-12-13,Samosa,4,12,20.6,0,0,0,142
2024-12-13,Veg Burger,4,12,20.6,0,0,0,68
2024-12-13,Masala Dosa,4,12,20.6,0,0,0,94
2024-12-13,Chole Bhature,4,12,20.6,0,0,0,84
2024-12-13,Veg Biryani,4,12,20.6,0,0,0,70
2024-12-13,Sandwich,4,12,20.6,0,0,0,74
2024-12-13,Tea,4,12,20.6,0,0,0,238
2024-12-13,Cold Coffee,4,12,20.6,0,0,0,48
2024-12-14,Samosa,5,12,21.4,0,0,0,67
2024-12-14,Veg Burger,5,12,21.4,0,0,0,43
2024-12-14,Masala Dosa,5,12,21.4,0,0,0,49
2024-12-14,Chole Bhature,5,12,21.4,0,0,0,42
2024-12-14,Veg Biryani,5,12,21.4,0,0,0,35
2024-12-14,Sandwich,5,12,21.4,0,0,0,41
2024-12-14,Tea,5,12,21.4,0,0,0,114
2024-12-14,Cold Coffee,5,12,21.4,0,0,0,31
2024-12-15,Samosa,6,12,23.1,1,0,0,42
2024-12-15,Veg Burger,6,12,23.1,1,0,0,18
2024-12-15,Masala Dosa,6,12,23.1,1,0,0,20
2024-12-15,Chole Bhature,6,12,23.1,1,0,0,19
2024-12-15,Veg Biryani,6,12,23.1,1,0,0,14
2024-12-15,Sandwich,6,12,23.1,1,0,0,19
2024-12-15,Tea,6,12,23.1,1,0,0,74
2024-12-15,Cold Coffee,6,12,23.1,1,0,0,14
2024-12-16,Samosa,0,12,16.4,0,0,0,130
2024-12-16,Veg Burger,0,12,16.4,0,0,0,77
2024-12-16,Masala Dosa,0,12,16.4,0,0,0,92
2024-12-16,Chole Bhature,0,12,16.4,0,0,0,88
2024-12-16,Veg Biryani,0,12,16.4,0,0,0,72
2024-12-16,Sandwich,0,12,16.4,0,0,0,66
2024-12-16,Tea,0,12,16.4,0,0,0,281
2024-12-16,Cold Coffee,0,12,16.4,0,0,0,46
2024-12-17,Samosa,1,12,21.2,0,0,0,126
2024-12-17,Veg Burger,1,12,21.2,0,0,0,63
2024-12-17,Masala Dosa,1,12,21.2,0,0,0,81
2024-12-17,Chole Bhature,1,12,21.2,0,0,0,82
2024-12-17,Veg Biryani,1,12,21.2,0,0,0,61
2024-12-17,Sandwich,1,12,21.2,0,0,0,71
2024-12-17,Tea,1,12,21.2,0,0,0,230
2024-12-17,Cold Coffee,1,12,21.2,0,0,0,70
2024-12-18,Samosa,2,12,21.4,0,0,0,109
2024-12-18,Veg Burger,2,12,21.4,0,0,0,63
2024-12-18,Masala Dosa,2,12,21.4,0,0,0,88
2024-12-18,Chole Bhature,2,12,21.4,0,0,0,92
2024-12-18,Veg Biryani,2,12,21.4,0,0,0,57
2024-12-18,Sandwich,2,12,21.4,0,0,0,72
2024-12-18,Tea,2,12,21.4,0,0,0,224
2024-12-18,Cold Coffee,2,12,21.4,0,0,0,64
2024-12-19,Samosa,3,12,15.0,0,0,0,130
2024-12-19,Veg Burger,3,12,15.0,0,0,0,68
2024-12-19,Masala Dosa,3,12,15.0,0,0,0,90
2024-12-19,Chole Bhature,3,12,15.0,0,0,0,73
2024-12-19,Veg Biryani,3,12,15.0,0,0,0,68
2024-12-19,Sandwich,3,12,15.0,0,0,0,86
2024-12-19,Tea,3,12,15.0,0,0,0,255
2024-12-19,Cold Coffee,3,12,15.0,0,0,0,44
2024-12-20,Samosa,4,12,20.4,0,0,0,107
2024-12-20,Veg Burger,4,12,20.4,0,0,0,67
2024-12-20,Masala Dosa,4,12,20.4,0,0,0,96
2024-12-20,Chole Bhature,4,12,20.4,0,0,0,70
2024-12-20,Veg Biryani,4,12,20.4,0,0,0,70
2024-12-20,Sandwich,4,12,20.4,0,0,0,77
2024-12-20,Tea,4,12,20.4,0,0,0,233
2024-12-20,Cold Coffee,4,12,20.4,0,0,0,58
2024-12-21,Samosa,5,12,18.0,0,0,0,72
2024-12-21,Veg Burger,5,12,18.0,0,0,0,43
2024-12-21,Masala Dosa,5,12,18.0,0,0,0,48
2024-12-21,Chole Bhature,5,12,18.0,0,0,0,35
2024-12-21,Veg Biryani,5,12,18.0,0,0,0,32
2024-12-21,Sandwich,5,12,18.0,0,0,0,41
2024-12-21,Tea,5,12,18.0,0,0,0,121
2024-12-21,Cold Coffee,5,12,18.0,0,0,0,27
2024-12-22,Samosa,6,12,23.1,0,0,0,32
2024-12-22,Veg Burger,6,12,23.1,0,0,0,16
2024-12-22,Masala Dosa,6,12,23.1,0,0,0,21
2024-12-22,Chole Bhature,6,12,23.1,0,0,0,21
2024-12-22,Veg Biryani,6,12,23.1,0,0,0,16
2024-12-22,Sandwich,6,12,23.1,0,0,0,17
2024-12-22,Tea,6,12,23.1,0,0,0,67
2024-12-22,Cold Coffee,6,12,23.1,0,0,0,16
2024-12-23,Samosa,0,12,17.4,0,0,0,120
2024-12-23,Veg Burger,0,12,17.4,0,0,0,70
2024-12-23,Masala Dosa,0,12,17.4,0,0,0,86
2024-12-23,Chole Bhature,0,12,17.4,0,0,0,71
2024-12-23,Veg Biryani,0,12,17.4,0,0,0,71
2024-12-23,Sandwich,0,12,17.4,0,0,0,75
2024-12-23,Tea,0,12,17.4,0,0,0,252
2024-12-23,Cold Coffee,0,12,17.4,0,0,0,47
2024-12-24,Samosa,1,12,22.4,0,0,0,112
2024-12-24,Veg Burger,1,12,22.4,0,0,0,77
2024-12-24,Masala Dosa,1,12,22.4,0,0,0,92
2024-12-24,Chole Bhature,1,12,22.4,0,0,0,82
2024-12-24,Veg Biryani,1,12,22.4,0,0,0,61
2024-12-24,Sandwich,1,12,22.4,0,0,0,76
2024-12-24,Tea,1,12,22.4,0,0,0,216
2024-12-24,Cold Coffee,1,12,22.4,0,0,0,65
2024-12-25,Samosa,2,12,17.9,0,0,1,37
2024-12-25,Veg Burger,2,12,17.9,0,0,1,17
2024-12-25,Masala Dosa,2,12,17.9,0,0,1,25
2024-12-25,Chole Bhature,2,12,17.9,0,0,1,33
2024-12-25,Veg Biryani,2,12,17.9,0,0,1,17
2024-12-25,Sandwich,2,12,17.9,0,0,1,20
2024-12-25,Tea,2,12,17.9,0,0,1,71
2024-12-25,Cold Coffee,2,12,17.9,0,0,1,18
2024-12-26,Samosa,3,12,16.3,0,0,0,110
2024-12-26,Veg Burger,3,12,16.3,0,0,0,63
2024-12-26,Masala Dosa,3,12,16.3,0,0,0,92
2024-12-26,Chole Bhature,3,12,16.3,0,0,0,96
2024-12-26,Veg Biryani,3,12,16.3,0,0,0,53
2024-12-26,Sandwich,3,12,16.3,0,0,0,67
2024-12-26,Tea,3,12,16.3,0,0,0,253
2024-12-26,Cold Coffee,3,12,16.3,0,0,0,50
2024-12-27,Samosa,4,12,18.8,0,0,0,128
2024-12-27,Veg Burger,4,12,18.8,0,0,0,64
2024-12-27,Masala Dosa,4,12,18.8,0,0,0,100
2024-12-27,Chole Bhature,4,12,18.8,0,0,0,82
2024-12-27,Veg Biryani,4,12,18.8,0,0,0,73
2024-12-27,Sandwich,4,12,18.8,0,0,0,84
2024-12-27,Tea,4,12,18.8,0,0,0,216
2024-12-27,Cold Coffee,4,12,18.8,0,0,0,54
2024-12-28,Samosa,5,12,18.9,0,0,0,58
2024-12-28,Veg Burger,5,12,18.9,0,0,0,33
2024-12-28,Masala Dosa,5,12,18.9,0,0,0,50
2024-12-28,Chole Bhature,5,12,18.9,0,0,0,44
2024-12-28,Veg Biryani,5,12,18.9,0,0,0,32
2024-12-28,Sandwich,5,12,18.9,0,0,0,45
2024-12-28,Tea,5,12,18.9,0,0,0,121
2024-12-28,Cold Coffee,5,12,18.9,0,0,0,30
2024-12-29,Samosa,6,12,19.3,0,0,0,30
2024-12-29,Veg Burger,6,12,19.3,0,0,0,16
2024-12-29,Masala Dosa,6,12,19.3,0,0,0,23
2024-12-29,Chole Bhature,6,12,19.3,0,0,0,19
2024-12-29,Veg Biryani,6,12,19.3,0,0,0,12
2024-12-29,Sandwich,6,12,19.3,0,0,0,21
2024-12-29,Tea,6,12,19.3,0,0,0,63
2024-12-29,Cold Coffee,6,12,19.3,0,0,0,14
2024-12-30,Samosa,0,12,20.5,0,0,0,130
2024-12-30,Veg Burger,0,12,20.5,0,0,0,77
2024-12-30,Masala Dosa,0,12,20.5,0,0,0,93
2024-12-30,Chole Bhature,0,12,20.5,0,0,0,90
2024-12-30,Veg Biryani,0,12,20.5,0,0,0,67
2024-12-30,Sandwich,0,12,20.5,0,0,0,76
2024-12-30,Tea,0,12,20.5,0,0,0,245
2024-12-30,Cold Coffee,0,12,20.5,0,0,0,57
2024-12-31,Samosa,1,12,18.4,0,0,0,112
2024-12-31,Veg Burger,1,12,18.4,0,0,0,64
2024-12-31,Masala Dosa,1,12,18.4,0,0,0,105
2024-12-31,Chole Bhature,1,12,18.4,0,0,0,89
2024-12-31,Veg Biryani,1,12,18.4,0,0,0,69
2024-12-31,Sandwich,1,12,18.4,0,0,0,68
2024-12-31,Tea,1,12,18.4,0,0,0,240
2024-12-31,Cold Coffee,1,12,18.4,0,0,0,47
2025-01-01,Samosa,2,1,19.7,0,0,0,111
2025-01-01,Veg Burger,2,1,19.7,0,0,0,77
2025-01-01,Masala Dosa,2,1,19.7,0,0,0,99
2025-01-01,Chole Bhature,2,1,19.7,0,0,0,95
2025-01-01,Veg Biryani,2,1,19.7,0,0,0,65
2025-01-01,Sandwich,2,1,19.7,0,0,0,86
2025-01-01,Tea,2,1,19.7,0,0,0,247
2025-01-01,Cold Coffee,2,1,19.7,0,0,0,59
2025-01-02,Samosa,3,1,21.5,0,0,0,111
2025-01-02,Veg Burger,3,1,21.5,0,0,0,76
2025-01-02,Masala Dosa,3,1,21.5,0,0,0,92
2025-01-02,Chole Bhature,3,1,21.5,0,0,0,79
2025-01-02,Veg Biryani,3,1,21.5,0,0,0,56
2025-01-02,Sandwich,3,1,21.5,0,0,0,71
2025-01-02,Tea,3,1,21.5,0,0,0,263
2025-01-02,Cold Coffee,3,1,21.5,0,0,0,63
2025-01-03,Samosa,4,1,22.6,0,0,0,112
2025-01-03,Veg Burger,4,1,22.6,0,0,0,65
2025-01-03,Masala Dosa,4,1,22.6,0,0,0,78
2025-01-03,Chole Bhature,4,1,22.6,0,0,0,84
2025-01-03,Veg Biryani,4,1,22.6,0,0,0,70
2025-01-03,Sandwich,4,1,22.6,0,0,0,81
2025-01-03,Tea,4,1,22.6,0,0,0,209
2025-01-03,Cold Coffee,4,1,22.6,0,0,0,71
2025-01-04,Samosa,5,1,23.2,0,0,0,61
2025-01-04,Veg Burger,5,1,23.2,0,0,0,38
2025-01-04,Masala Dosa,5,1,23.2,0,0,0,54
2025-01-04,Chole Bhature,5,1,23.2,0,0,0,47
2025-01-04,Veg Biryani,5,1,23.2,0,0,0,29
2025-01-04,Sandwich,5,1,23.2,0,0,0,42
2025-01-04,Tea,5,1,23.2,0,0,0,101
2025-01-04,Cold Coffee,5,1,23.2,0,0,0,38
2025-01-05,Samosa,6,1,24.9,0,0,0,28
2025-01-05,Veg Burger,6,1,24.9,0,0,0,17
2025-01-05,Masala Dosa,6,1,24.9,0,0,0,20
2025-01-05,Chole Bhature,6,1,24.9,0,0,0,19
2025-01-05,Veg Biryani,6,1,24.9,0,0,0,14
2025-01-05,Sandwich,6,1,24.9,0,0,0,19
2025-01-05,Tea,6,1,24.9,0,0,0,53
2025-01-05,Cold Coffee,6,1,24.9,0,0,0,21
2025-01-06,Samosa,0,1,19.7,0,0,0,117
2025-01-06,Veg Burger,0,1,19.7,0,0,0,72
2025-01-06,Masala Dosa,0,1,19.7,0,0,0,89
2025-01-06,Chole Bhature,0,1,19.7,0,0,0,83
2025-01-06,Veg Biryani,0,1,19.7,0,0,0,66
2025-01-06,Sandwich,0,1,19.7,0,0,0,74
2025-01-06,Tea,0,1,19.7,0,0,0,215
2025-01-06,Cold Coffee,0,1,19.7,0,0,0,57
2025-01-07,Samosa,1,1,19.4,0,0,0,109
2025-01-07,Veg Burger,1,1,19.4,0,0,0,68
2025-01-07,Masala Dosa,1,1,19.4,0,0,0,95
2025-01-07,Chole Bhature,1,1,19.4,0,0,0,76
2025-01-07,Veg Biryani,1,1,19.4,0,0,0,62
2025-01-07,Sandwich,1,1,19.4,0,0,0,77
2025-01-07,Tea,1,1,19.4,0,0,0,237
2025-01-07,Cold Coffee,1,1,19.4,0,0,0,51
2025-01-08,Samosa,2,1,23.5,0,0,0,122
2025-01-08,Veg Burger,2,1,23.5,0,0,0,82
2025-01-08,Masala Dosa,2,1,23.5,0,0,0,87
2025-01-08,Chole Bhature,2,1,23.5,0,0,0,90
2025-01-08,Veg Biryani,2,1,23.5,0,0,0,62
2025-01-08,Sandwich,2,1,23.5,0,0,0,77
2025-01-08,Tea,2,1,23.5,0,0,0,239
2025-01-08,Cold Coffee,2,1,23.5,0,0,0,63
2025-01-09,Samosa,3,1,22.5,0,0,0,126
2025-01-09,Veg Burger,3,1,22.5,0,0,0,75
2025-01-09,Masala Dosa,3,1,22.5,0,0,0,87
2025-01-09,Chole Bhature,3,1,22.5,0,0,0,83
2025-01-09,Veg Biryani,3,1,22.5,0,0,0,57
2025-01-09,Sandwich,3,1,22.5,0,0,0,80
2025-01-09,Tea,3,1,22.5,0,0,0,242
2025-01-09,Cold Coffee,3,1,22.5,0,0,0,69
2025-01-10,Samosa,4,1,20.3,0,0,0,121
2025-01-10,Veg Burger,4,1,20.3,0,0,0,69
2025-01-10,Masala Dosa,4,1,20.3,0,0,0,99
2025-01-10,Chole Bhature,4,1,20.3,0,0,0,79
2025-01-10,Veg Biryani,4,1,20.3,0,0,0,63
2025-01-10,Sandwich,4,1,20.3,0,0,0,73
2025-01-10,Tea,4,1,20.3,0,0,0,234
2025-01-10,Cold Coffee,4,1,20.3,0,0,0,65
2025-01-11,Samosa,5,1,22.3,0,0,0,62
2025-01-11,Veg Burger,5,1,22.3,0,0,0,36
2025-01-11,Masala Dosa,5,1,22.3,0,0,0,59
2025-01-11,Chole Bhature,5,1,22.3,0,0,0,45
2025-01-11,Veg Biryani,5,1,22.3,0,0,0,34
2025-01-11,Sandwich,5,1,22.3,0,0,0,39
2025-01-11,Tea,5,1,22.3,0,0,0,126
2025-01-11,Cold Coffee,5,1,22.3,0,0,0,37
2025-01-12,Samosa,6,1,22.9,0,0,0,32
2025-01-12,Veg Burger,6,1,22.9,0,0,0,17
2025-01-12,Masala Dosa,6,1,22.9,0,0,0,21
2025-01-12,Chole Bhature,6,1,22.9,0,0,0,21
2025-01-12,Veg Biryani,6,1,22.9,0,0,0,16
2025-01-12,Sandwich,6,1,22.9,0,0,0,18
2025-01-12,Tea,6,1,22.9,0,0,0,60
2025-01-12,Cold Coffee,6,1,22.9,0,0,0,19
2025-01-13,Samosa,0,1,19.2,0,0,0,112
2025-01-13,Veg Burger,0,1,19.2,0,0,0,76
2025-01-13,Masala Dosa,0,1,19.2,0,0,0,85
2025-01-13,Chole Bhature,0,1,19.2,0,0,0,73
2025-01-13,Veg Biryani,0,1,19.2,0,0,0,67
2025-01-13,Sandwich,0,1,19.2,0,0,0,75
2025-01-13,Tea,0,1,19.2,0,0,0,230
2025-01-13,Cold Coffee,0,1,19.2,0,0,0,55
2025-01-14,Samosa,1,1,21.5,0,0,0,123
2025-01-14,Veg Burger,1,1,21.5,0,0,0,58
2025-01-14,Masala Dosa,1,1,21.5,0,0,0,97
2025-01-14,Chole Bhature,1,1,21.5,0,0,0,79
2025-01-14,Veg Biryani,1,1,21.5,0,0,0,76
2025-01-14,Sandwich,1,1,21.5,0,0,0,89
2025-01-14,Tea,1,1,21.5,0,0,0,223
2025-01-14,Cold Coffee,1,1,21.5,0,0,0,62
2025-01-15,Samosa,2,1,23.1,0,0,0,136
2025-01-15,Veg Burger,2,1,23.1,0,0,0,78
2025-01-15,Masala Dosa,2,1,23.1,0,0,0,87
2025-01-15,Chole Bhature,2,1,23.1,0,0,0,100
2025-01-15,Veg Biryani,2,1,23.1,0,0,0,58
2025-01-15,Sandwich,2,1,23.1,0,0,0,69
2025-01-15,Tea,2,1,23.1,0,0,0,252
2025-01-15,Cold Coffee,2,1,23.1,0,0,0,59
2025-01-16,Samosa,3,1,20.5,0,0,0,101
2025-01-16,Veg Burger,3,1,20.5,0,0,0,71
2025-01-16,Masala Dosa,3,1,20.5,0,0,0,96
2025-01-16,Chole Bhature,3,1,20.5,0,0,0,79
2025-01-16,Veg Biryani,3,1,20.5,0,0,0,58
2025-01-16,Sandwich,3,1,20.5,0,0,0,74
2025-01-16,Tea,3,1,20.5,0,0,0,223
2025-01-16,Cold Coffee,3,1,20.5,0,0,0,53
2025-01-17,Samosa,4,1,19.6,0,0,0,125
2025-01-17,Veg Burger,4,1,19.6,0,0,0,71
2025-01-17,Masala Dosa,4,1,19.6,0,0,0,88
2025-01-17,Chole Bhature,4,1,19.6,0,0,0,79
2025-01-17,Veg Biryani,4,1,19.6,0,0,0,73
2025-01-17,Sandwich,4,1,19.6,0,0,0,75
2025-01-17,Tea,4,1,19.6,0,0,0,214
2025-01-17,Cold Coffee,4,1,19.6,0,0,0,51
2025-01-18,Samosa,5,1,18.1,0,0,0,63
2025-01-18,Veg Burger,5,1,18.1,0,0,0,40
2025-01-18,Masala Dosa,5,1,18.1,0,0,0,54
2025-01-18,Chole Bhature,5,1,18.1,0,0,0,42
2025-01-18,Veg Biryani,5,1,18.1,0,0,0,31
2025-01-18,Sandwich,5,1,18.1,0,0,0,35
2025-01-18,Tea,5,1,18.1,0,0,0,133
2025-01-18,Cold Coffee,5,1,18.1,0,0,0,33
2025-01-19,Samosa,6,1,21.6,0,0,0,30
2025-01-19,Veg Burger,6,1,21.6,0,0,0,18
2025-01-19,Masala Dosa,6,1,21.6,0,0,0,20
2025-01-19,Chole Bhature,6,1,21.6,0,0,0,20
2025-01-19,Veg Biryani,6,1,21.6,0,0,0,14
2025-01-19,Sandwich,6,1,21.6,0,0,0,17
2025-01-19,Tea,6,1,21.6,0,0,0,54
2025-01-19,Cold Coffee,6,1,21.6,0,0,0,15
2025-01-20,Samosa,0,1,23.1,0,0,0,112
2025-01-20,Veg Burger,0,1,23.1,0,0,0,66
2025-01-20,Masala Dosa,0,1,23.1,0,0,0,77
2025-01-20,Chole Bhature,0,1,23.1,0,0,0,83
2025-01-20,Veg Biryani,0,1,23.1,0,0,0,59
2025-01-20,Sandwich,0,1,23.1,0,0,0,68
2025-01-20,Tea,0,1,23.1,0,0,0,183
2025-01-20,Cold Coffee,0,1,23.1,0,0,0,68
2025-01-21,Samosa,1,1,20.8,0,0,0,117
2025-01-21,Veg Burger,1,1,20.8,0,0,0,65
2025-01-21,Masala Dosa,1,1,20.8,0,0,0,86
2025-01-21,Chole Bhature,1,1,20.8,0,0,0,78
2025-01-21,Veg Biryani,1,1,20.8,0,0,0,61
2025-01-21,Sandwich,1,1,20.8,0,0,0,70
2025-01-21,Tea,1,1,20.8,0,0,0,235
2025-01-21,Cold Coffee,1,1,20.8,0,0,0,63
2025-01-22,Samosa,2,1,20.1,0,0,0,126
2025-01-22,Veg Burger,2,1,20.1,0,0,0,68
2025-01-22,Masala Dosa,2,1,20.1,0,0,0,92
2025-01-22,Chole Bhature,2,1,20.1,0,0,0,94
2025-01-22,Veg Biryani,2,1,20.1,0,0,0,60
2025-01-22,Sandwich,2,1,20.1,0,0,0,73
2025-01-22,Tea,2,1,20.1,0,0,0,229
2025-01-22,Cold Coffee,2,1,20.1,0,0,0,59
2025-01-23,Samosa,3,1,19.1,0,0,0,110
2025-01-23,Veg Burger,3,1,19.1,0,0,0,75
2025-01-23,Masala Dosa,3,1,19.1,0,0,0,74
2025-01-23,Chole Bhature,3,1,19.1,0,0,0,83
2025-01-23,Veg Biryani,3,1,19.1,0,0,0,56
2025-01-23,Sandwich,3,1,19.1,0,0,0,72
2025-01-23,Tea,3,1,19.1,0,0,0,219
2025-01-23,Cold Coffee,3,1,19.1,0,0,0,61
2025-01-24,Samosa,4,1,21.1,0,0,0,110
2025-01-24,Veg Burger,4,1,21.1,0,0,0,72
2025-01-24,Masala Dosa,4,1,21.1,0,0,0,84
2025-01-24,Chole Bhature,4,1,21.1,0,0,0,81
2025-01-24,Veg Biryani,4,1,21.1,0,0,0,62
2025-01-24,Sandwich,4,1,21.1,0,0,0,64
2025-01-24,Tea,4,1,21.1,0,0,0,221
2025-01-24,Cold Coffee,4,1,21.1,0,0,0,61
2025-01-25,Samosa,5,1,20.3,0,0,0,60
2025-01-25,Veg Burger,5,1,20.3,0,0,0,40
2025-01-25,Masala Dosa,5,1,20.3,0,0,0,47
2025-01-25,Chole Bhature,5,1,20.3,0,0,0,49
2025-01-25,Veg Biryani,5,1,20.3,0,0,0,32
2025-01-25,Sandwich,5,1,20.3,0,0,0,45
2025-01-25,Tea,5,1,20.3,0,0,0,112
2025-01-25,Cold Coffee,5,1,20.3,0,0,0,31
2025-01-26,Samosa,6,1,20.4,0,0,1,10
2025-01-26,Veg Burger,6,1,20.4,0,0,1,5
2025-01-26,Masala Dosa,6,1,20.4,0,0,1,7
2025-01-26,Chole Bhature,6,1,20.4,0,0,1,6
2025-01-26,Veg Biryani,6,1,20.4,0,0,1,5
2025-01-26,Sandwich,6,1,20.4,0,0,1,5
2025-01-26,Tea,6,1,20.4,0,0,1,16
2025-01-26,Cold Coffee,6,1,20.4,0,0,1,4
2025-01-27,Samosa,0,1,23.5,0,0,0,124
2025-01-27,Veg Burger,0,1,23.5,0,0,0,68
2025-01-27,Masala Dosa,0,1,23.5,0,0,0,88
2025-01-27,Chole Bhature,0,1,23.5,0,0,0,75
2025-01-27,Veg Biryani,0,1,23.5,0,0,0,63
2025-01-27,Sandwich,0,1,23.5,0,0,0,82
2025-01-27,Tea,0,1,23.5,0,0,0,247
2025-01-27,Cold Coffee,0,1,23.5,0,0,0,64
2025-01-28,Samosa,1,1,23.9,0,0,0,119
2025-01-28,Veg Burger,1,1,23.9,0,0,0,62
2025-01-28,Masala Dosa,1,1,23.9,0,0,0,86
2025-01-28,Chole Bhature,1,1,23.9,0,0,0,83
2025-01-28,Veg Biryani,1,1,23.9,0,0,0,66
2025-01-28,Sandwich,1,1,23.9,0,0,0,68
2025-01-28,Tea,1,1,23.9,0,0,0,210
2025-01-28,Cold Coffee,1,1,23.9,0,0,0,70
2025-01-29,Samosa,2,1,18.3,0,0,0,126
2025-01-29,Veg Burger,2,1,18.3,0,0,0,67
2025-01-29,Masala Dosa,2,1,18.3,0,0,0,88
2025-01-29,Chole Bhature,2,1,18.3,0,0,0,88
2025-01-29,Veg Biryani,2,1,18.3,0,0,0,60
2025-01-29,Sandwich,2,1,18.3,0,0,0,78
2025-01-29,Tea,2,1,18.3,0,0,0,235
2025-01-29,Cold Coffee,2,1,18.3,0,0,0,55
2025-01-30,Samosa,3,1,19.5,0,0,0,121
2025-01-30,Veg Burger,3,1,19.5,0,0,0,76
2025-01-30,Masala Dosa,3,1,19.5,0,0,0,80
2025-01-30,Chole Bhature,3,1,19.5,0,0,0,81
2025-01-30,Veg Biryani,3,1,19.5,0,0,0,55
2025-01-30,Sandwich,3,1,19.5,0,0,0,66
2025-01-30,Tea,3,1,19.5,0,0,0,220
2025-01-30,Cold Coffee,3,1,19.5,0,0,0,61
2025-01-31,Samosa,4,1,23.0,1,0,0,159
2025-01-31,Veg Burger,4,1,23.0,1,0,0,69
2025-01-31,Masala Dosa,4,1,23.0,1,0,0,78
2025-01-31,Chole Bhature,4,1,23.0,1,0,0,85
2025-01-31,Veg Biryani,4,1,23.0,1,0,0,64
2025-01-31,Sandwich,4,1,23.0,1,0,0,74
2025-01-31,Tea,4,1,23.0,1,0,0,304
2025-01-31,Cold Coffee,4,1,23.0,1,0,0,56
2025-02-01,Samosa,5,2,23.8,0,0,0,54
2025-02-01,Veg Burger,5,2,23.8,0,0,0,38
2025-02-01,Masala Dosa,5,2,23.8,0,0,0,50
2025-02-01,Chole Bhature,5,2,23.8,0,0,0,47
2025-02-01,Veg Biryani,5,2,23.8,0,0,0,35
2025-02-01,Sandwich,5,2,23.8,0,0,0,43
2025-02-01,Tea,5,2,23.8,0,0,0,112
2025-02-01,Cold Coffee,5,2,23.8,0,0,0,33
2025-02-02,Samosa,6,2,23.2,0,0,0,32
2025-02-02,Veg Burger,6,2,23.2,0,0,0,18
2025-02-02,Masala Dosa,6,2,23.2,0,0,0,24
2025-02-02,Chole Bhature,6,2,23.2,0,0,0,21
2025-02-02,Veg Biryani,6,2,23.2,0,0,0,16
2025-02-02,Sandwich,6,2,23.2,0,0,0,18
2025-02-02,Tea,6,2,23.2,0,0,0,60
2025-02-02,Cold Coffee,6,2,23.2,0,0,0,17
2025-02-03,Samosa,0,2,22.9,0,0,0,136
2025-02-03,Veg Burger,0,2,22.9,0,0,0,68
2025-02-03,Masala Dosa,0,2,22.9,0,0,0,100
2025-02-03,Chole Bhature,0,2,22.9,0,0,0,71
2025-02-03,Veg Biryani,0,2,22.9,0,0,0,72
2025-02-03,Sandwich,0,2,22.9,0,0,0,71
2025-02-03,Tea,0,2,22.9,0,0,0,195
2025-02-03,Cold Coffee,0,2,22.9,0,0,0,69
2025-02-04,Samosa,1,2,26.0,0,0,0,112
2025-02-04,Veg Burger,1,2,26.0,0,0,0,65
2025-02-04,Masala Dosa,1,2,26.0,0,0,0,71
2025-02-04,Chole Bhature,1,2,26.0,0,0,0,80
2025-02-04,Veg Biryani,1,2,26.0,0,0,0,65
2025-02-04,Sandwich,1,2,26.0,0,0,0,69
2025-02-04,Tea,1,2,26.0,0,0,0,222
2025-02-04,Cold Coffee,1,2,26.0,0,0,0,72
2025-02-05,Samosa,2,2,23.7,0,0,0,129
2025-02-05,Veg Burger,2,2,23.7,0,0,0,73
2025-02-05,Masala Dosa,2,2,23.7,0,0,0,82
2025-02-05,Chole Bhature,2,2,23.7,0,0,0,97
2025-02-05,Veg Biryani,2,2,23.7,0,0,0,63
2025-02-05,Sandwich,2,2,23.7,0,0,0,84
2025-02-05,Tea,2,2,23.7,0,0,0,233
2025-02-05,Cold Coffee,2,2,23.7,0,0,0,75
2025-02-06,Samosa,3,2,24.1,0,0,0,124
2025-02-06,Veg Burger,3,2,24.1,0,0,0,67
2025-02-06,Masala Dosa,3,2,24.1,0,0,0,91
2025-02-06,Chole Bhature,3,2,24.1,0,0,0,86
2025-02-06,Veg Biryani,3,2,24.1,0,0,0,57
2025-02-06,Sandwich,3,2,24.1,0,0,0,65
2025-02-06,Tea,3,2,24.1,0,0,0,242
2025-02-06,Cold Coffee,3,2,24.1,0,0,0,78
2025-02-07,Samosa,4,2,23.8,0,0,0,125
2025-02-07,Veg Burger,4,2,23.8,0,0,0,72
2025-02-07,Masala Dosa,4,2,23.8,0,0,0,88
2025-02-07,Chole Bhature,4,2,23.8,0,0,0,72
2025-02-07,Veg Biryani,4,2,23.8,0,0,0,72
2025-02-07,Sandwich,4,2,23.8,0,0,0,70
2025-02-07,Tea,4,2,23.8,0,0,0,255
2025-02-07,Cold Coffee,4,2,23.8,0,0,0,74
2025-02-08,Samosa,5,2,22.8,1,0,0,82
2025-02-08,Veg Burger,5,2,22.8,1,0,0,40
2025-02-08,Masala Dosa,5,2,22.8,1,0,0,42
2025-02-08,Chole Bhature,5,2,22.8,1,0,0,45
2025-02-08,Veg Biryani,5,2,22.8,1,0,0,35
2025-02-08,Sandwich,5,2,22.8,1,0,0,43
2025-02-08,Tea,5,2,22.8,1,0,0,157
2025-02-08,Cold Coffee,5,2,22.8,1,0,0,30
2025-02-09,Samosa,6,2,24.3,0,0,0,29
2025-02-09,Veg Burger,6,2,24.3,0,0,0,18
2025-02-09,Masala Dosa,6,2,24.3,0,0,0,23
2025-02-09,Chole Bhature,6,2,24.3,0,0,0,17
2025-02-09,Veg Biryani,6,2,24.3,0,0,0,17
2025-02-09,Sandwich,6,2,24.3,0,0,0,21
2025-02-09,Tea,6,2,24.3,0,0,0,52
2025-02-09,Cold Coffee,6,2,24.3,0,0,0,17
2025-02-10,Samosa,0,2,24.7,0,0,0,121
2025-02-10,Veg Burger,0,2,24.7,0,0,0,70
2025-02-10,Masala Dosa,0,2,24.7,0,0,0,91
2025-02-10,Chole Bhature,0,2,24.7,0,0,0,72
2025-02-10,Veg Biryani,0,2,24.7,0,0,0,71
2025-02-10,Sandwich,0,2,24.7,0,0,0,82
2025-02-10,Tea,0,2,24.7,0,0,0,239
2025-02-10,Cold Coffee,0,2,24.7,0,0,0,72
2025-02-11,Samosa,1,2,29.0,0,0,0,122
2025-02-11,Veg Burger,1,2,29.0,0,0,0,58
2025-02-11,Masala Dosa,1,2,29.0,0,0,0,94
2025-02-11,Chole Bhature,1,2,29.0,0,0,0,76
2025-02-11,Veg Biryani,1,2,29.0,0,0,0,69
2025-02-11,Sandwich,1,2,29.0,0,0,0,70
2025-02-11,Tea,1,2,29.0,0,0,0,170
2025-02-11,Cold Coffee,1,2,29.0,0,0,0,85
2025-02-12,Samosa,2,2,20.0,0,0,0,127
2025-02-12,Veg Burger,2,2,20.0,0,0,0,70
2025-02-12,Masala Dosa,2,2,20.0,0,0,0,96
2025-02-12,Chole Bhature,2,2,20.0,0,0,0,105
2025-02-12,Veg Biryani,2,2,20.0,0,0,0,56
2025-02-12,Sandwich,2,2,20.0,0,0,0,75
2025-02-12,Tea,2,2,20.0,0,0,0,222
2025-02-12,Cold Coffee,2,2,20.0,0,0,0,61
2025-02-13,Samosa,3,2,23.5,1,0,0,177
2025-02-13,Veg Burger,3,2,23.5,1,0,0,72
2025-02-13,Masala Dosa,3,2,23.5,1,0,0,84
2025-02-13,Chole Bhature,3,2,23.5,1,0,0,80
2025-02-13,Veg Biryani,3,2,23.5,1,0,0,60
2025-02-13,Sandwich,3,2,23.5,1,0,0,78
2025-02-13,Tea,3,2,23.5,1,0,0,252
2025-02-13,Cold Coffee,3,2,23.5,1,0,0,58
2025-02-14,Samosa,4,2,18.6,1,0,0,148
2025-02-14,Veg Burger,4,2,18.6,1,0,0,66
2025-02-14,Masala Dosa,4,2,18.6,1,0,0,86
2025-02-14,Chole Bhature,4,2,18.6,1,0,0,90
2025-02-14,Veg Biryani,4,2,18.6,1,0,0,69
2025-02-14,Sandwich,4,2,18.6,1,0,0,76
2025-02-14,Tea,4,2,18.6,1,0,0,292
2025-02-14,Cold Coffee,4,2,18.6,1,0,0,46
2025-02-15,Samosa,5,2,23.6,0,0,0,63
2025-02-15,Veg Burger,5,2,23.6,0,0,0,38
2025-02-15,Masala Dosa,5,2,23.6,0,0,0,58
2025-02-15,Chole Bhature,5,2,23.6,0,0,0,39
2025-02-15,Veg Biryani,5,2,23.6,0,0,0,28
2025-02-15,Sandwich,5,2,23.6,0,0,0,44
2025-02-15,Tea,5,2,23.6,0,0,0,113
2025-02-15,Cold Coffee,5,2,23.6,0,0,0,38
2025-02-16,Samosa,6,2,22.4,0,0,0,29
2025-02-16,Veg Burger,6,2,22.4,0,0,0,18
2025-02-16,Masala Dosa,6,2,22.4,0,0,0,24
2025-02-16,Chole Bhature,6,2,22.4,0,0,0,18
2025-02-16,Veg Biryani,6,2,22.4,0,0,0,16
2025-02-16,Sandwich,6,2,22.4,0,0,0,18
2025-02-16,Tea,6,2,22.4,0,0,0,65
2025-02-16,Cold Coffee,6,2,22.4,0,0,0,19
2025-02-17,Samosa,0,2,23.8,0,0,0,125
2025-02-17,Veg Burger,0,2,23.8,0,0,0,69
2025-02-17,Masala Dosa,0,2,23.8,0,0,0,90
2025-02-17,Chole Bhature,0,2,23.8,0,0,0,76
2025-02-17,Veg Biryani,0,2,23.8,0,0,0,70
2025-02-17,Sandwich,0,2,23.8,0,0,0,80
2025-02-17,Tea,0,2,23.8,0,0,0,189
2025-02-17,Cold Coffee,0,2,23.8,0,0,0,72
2025-02-18,Samosa,1,2,25.9,0,0,0,116
2025-02-18,Veg Burger,1,2,25.9,0,0,0,65
2025-02-18,Masala Dosa,1,2,25.9,0,0,0,90
2025-02-18,Chole Bhature,1,2,25.9,0,0,0,89
2025-02-18,Veg Biryani,1,2,25.9,0,0,0,52
2025-02-18,Sandwich,1,2,25.9,0,0,0,76
2025-02-18,Tea,1,2,25.9,0,0,0,199
2025-02-18,Cold Coffee,1,2,25.9,0,0,0,79
2025-02-19,Samosa,2,2,25.4,0,0,0,134
2025-02-19,Veg Burger,2,2,25.4,0,0,0,73
2025-02-19,Masala Dosa,2,2,25.4,0,0,0,97
2025-02-19,Chole Bhature,2,2,25.4,0,0,0,94
2025-02-19,Veg Biryani,2,2,25.4,0,0,0,64
2025-02-19,Sandwich,2,2,25.4,0,0,0,77
2025-02-19,Tea,2,2,25.4,0,0,0,194
2025-02-19,Cold Coffee,2,2,25.4,0,0,0,78
2025-02-20,Samosa,3,2,22.0,0,0,0,114
2025-02-20,Veg Burger,3,2,22.0,0,0,0,74
2025-02-20,Masala Dosa,3,2,22.0,0,0,0,98
2025-02-20,Chole Bhature,3,2,22.0,0,0,0,74
2025-02-20,Veg Biryani,3,2,22.0,0,0,0,57
2025-02-20,Sandwich,3,2,22.0,0,0,0,74
2025-02-20,Tea,3,2,22.0,0,0,0,253
2025-02-20,Cold Coffee,3,2,22.0,0,0,0,68
2025-02-21,Samosa,4,2,21.4,1,0,0,151
2025-02-21,Veg Burger,4,2,21.4,1,0,0,59
2025-02-21,Masala Dosa,4,2,21.4,1,0,0,87
2025-02-21,Chole Bhature,4,2,21.4,1,0,0,78
2025-02-21,Veg Biryani,4,2,21.4,1,0,0,72
2025-02-21,Sandwich,4,2,21.4,1,0,0,71
2025-02-21,Tea,4,2,21.4,1,0,0,334
2025-02-21,Cold Coffee,4,2,21.4,1,0,0,42
2025-02-22,Samosa,5,2,26.6,0,0,0,65
2025-02-22,Veg Burger,5,2,26.6,0,0,0,39
2025-02-22,Masala Dosa,5,2,26.6,0,0,0,46
2025-02-22,Chole Bhature,5,2,26.6,0,0,0,43
2025-02-22,Veg Biryani,5,2,26.6,0,0,0,35
2025-02-22,Sandwich,5,2,26.6,0,0,0,41
2025-02-22,Tea,5,2,26.6,0,0,0,115
2025-02-22,Cold Coffee,5,2,26.6,0,0,0,45
2025-02-23,Samosa,6,2,24.8,0,0,0,30
2025-02-23,Veg Burger,6,2,24.8,0,0,0,18
2025-02-23,Masala Dosa,6,2,24.8,0,0,0,25
2025-02-23,Chole Bhature,6,2,24.8,0,0,0,18
2025-02-23,Veg Biryani,6,2,24.8,0,0,0,16
2025-02-23,Sandwich,6,2,24.8,0,0,0,18
2025-02-23,Tea,6,2,24.8,0,0,0,53
2025-02-23,Cold Coffee,6,2,24.8,0,0,0,19
2025-02-24,Samosa,0,2,21.0,0,0,0,113
2025-02-24,Veg Burger,0,2,21.0,0,0,0,77
2025-02-24,Masala Dosa,0,2,21.0,0,0,0,86
2025-02-24,Chole Bhature,0,2,21.0,0,0,0,87
2025-02-24,Veg Biryani,0,2,21.0,0,0,0,68
2025-02-24,Sandwich,0,2,21.0,0,0,0,71
2025-02-24,Tea,0,2,21.0,0,0,0,208
2025-02-24,Cold Coffee,0,2,21.0,0,0,0,58
2025-02-25,Samosa,1,2,26.8,0,0,0,136
2025-02-25,Veg Burger,1,2,26.8,0,0,0,68
2025-02-25,Masala Dosa,1,2,26.8,0,0,0,88
2025-02-25,Chole Bhature,1,2,26.8,0,0,0,68
2025-02-25,Veg Biryani,1,2,26.8,0,0,0,58
2025-02-25,Sandwich,1,2,26.8,0,0,0,69
2025-02-25,Tea,1,2,26.8,0,0,0,195
2025-02-25,Cold Coffee,1,2,26.8,0,0,0,80
2025-02-26,Samosa,2,2,25.9,0,0,0,122
2025-02-26,Veg Burger,2,2,25.9,0,0,0,79
2025-02-26,Masala Dosa,2,2,25.9,0,0,0,97
2025-02-26,Chole Bhature,2,2,25.9,0,0,0,109
2025-02-26,Veg Biryani,2,2,25.9,0,0,0,57
2025-02-26,Sandwich,2,2,25.9,0,0,0,76
2025-02-26,Tea,2,2,25.9,0,0,0,165
2025-02-26,Cold Coffee,2,2,25.9,0,0,0,76
2025-02-27,Samosa,3,2,24.2,0,0,0,119
2025-02-27,Veg Burger,3,2,24.2,0,0,0,72
2025-02-27,Masala Dosa,3,2,24.2,0,0,0,96
2025-02-27,Chole Bhature,3,2,24.2,0,0,0,80
2025-02-27,Veg Biryani,3,2,24.2,0,0,0,63
2025-02-27,Sandwich,3,2,24.2,0,0,0,85
2025-02-27,Tea,3,2,24.2,0,0,0,222
2025-02-27,Cold Coffee,3,2,24.2,0,0,0,74
2025-02-28,Samosa,4,2,21.0,0,0,0,95
2025-02-28,Veg Burger,4,2,21.0,0,0,0,66
2025-02-28,Masala Dosa,4,2,21.0,0,0,0,90
2025-02-28,Chole Bhature,4,2,21.0,0,0,0,66
2025-02-28,Veg Biryani,4,2,21.0,0,0,0,76
2025-02-28,Sandwich,4,2,21.0,0,0,0,74
2025-02-28,Tea,4,2,21.0,0,0,0,234
2025-02-28,Cold Coffee,4,2,21.0,0,0,0,62
2025-03-01,Samosa,5,3,30.5,1,0,0,86
2025-03-01,Veg Burger,5,3,30.5,1,0,0,40
2025-03-01,Masala Dosa,5,3,30.5,1,0,0,48
2025-03-01,Chole Bhature,5,3,30.5,1,0,0,38
2025-03-01,Veg Biryani,5,3,30.5,1,0,0,32
2025-03-01,Sandwich,5,3,30.5,1,0,0,44
2025-03-01,Tea,5,3,30.5,1,0,0,133
2025-03-01,Cold Coffee,5,3,30.5,1,0,0,40
2025-03-02,Samosa,6,3,30.0,0,0,0,28
2025-03-02,Veg Burger,6,3,30.0,0,0,0,17
2025-03-02,Masala Dosa,6,3,30.0,0,0,0,22
2025-03-02,Chole Bhature,6,3,30.0,0,0,0,21
2025-03-02,Veg Biryani,6,3,30.0,0,0,0,15
2025-03-02,Sandwich,6,3,30.0,0,0,0,17
2025-03-02,Tea,6,3,30.0,0,0,0,48
2025-03-02,Cold Coffee,6,3,30.0,0,0,0,23
2025-03-03,Samosa,0,3,30.0,0,0,0,123
2025-03-03,Veg Burger,0,3,30.0,0,0,0,67
2025-03-03,Masala Dosa,0,3,30.0,0,0,0,84
2025-03-03,Chole Bhature,0,3,30.0,0,0,0,76
2025-03-03,Veg Biryani,0,3,30.0,0,0,0,66
2025-03-03,Sandwich,0,3,30.0,0,0,0,77
2025-03-03,Tea,0,3,30.0,0,0,0,228
2025-03-03,Cold Coffee,0,3,30.0,0,0,0,87
2025-03-04,Samosa,1,3,27.2,0,0,0,119
2025-03-04,Veg Burger,1,3,27.2,0,0,0,69
2025-03-04,Masala Dosa,1,3,27.2,0,0,0,97
2025-03-04,Chole Bhature,1,3,27.2,0,0,0,69
2025-03-04,Veg Biryani,1,3,27.2,0,0,0,73
2025-03-04,Sandwich,1,3,27.2,0,0,0,80
2025-03-04,Tea,1,3,27.2,0,0,0,199
2025-03-04,Cold Coffee,1,3,27.2,0,0,0,80
2025-03-05,Samosa,2,3,29.5,0,0,0,91
2025-03-05,Veg Burger,2,3,29.5,0,0,0,73
2025-03-05,Masala Dosa,2,3,29.5,0,0,0,92
2025-03-05,Chole Bhature,2,3,29.5,0,0,0,88
2025-03-05,Veg Biryani,2,3,29.5,0,0,0,55
2025-03-05,Sandwich,2,3,29.5,0,0,0,69
2025-03-05,Tea,2,3,29.5,0,0,0,196
2025-03-05,Cold Coffee,2,3,29.5,0,0,0,86
2025-03-06,Samosa,3,3,29.0,0,0,0,93
2025-03-06,Veg Burger,3,3,29.0,0,0,0,67
2025-03-06,Masala Dosa,3,3,29.0,0,0,0,88
2025-03-06,Chole Bhature,3,3,29.0,0,0,0,79
2025-03-06,Veg Biryani,3,3,29.0,0,0,0,62
2025-03-06,Sandwich,3,3,29.0,0,0,0,80
2025-03-06,Tea,3,3,29.0,0,0,0,198
2025-03-06,Cold Coffee,3,3,29.0,0,0,0,86
2025-03-07,Samosa,4,3,28.0,0,0,0,138
2025-03-07,Veg Burger,4,3,28.0,0,0,0,67
2025-03-07,Masala Dosa,4,3,28.0,0,0,0,92
2025-03-07,Chole Bhature,4,3,28.0,0,0,0,68
2025-03-07,Veg Biryani,4,3,28.0,0,0,0,56
2025-03-07,Sandwich,4,3,28.0,0,0,0,80
2025-03-07,Tea,4,3,28.0,0,0,0,200
2025-03-07,Cold Coffee,4,3,28.0,0,0,0,93
2025-03-08,Samosa,5,3,25.3,0,0,0,69
2025-03-08,Veg Burger,5,3,25.3,0,0,0,39
2025-03-08,Masala Dosa,5,3,25.3,0,0,0,57
2025-03-08,Chole Bhature,5,3,25.3,0,0,0,49
2025-03-08,Veg Biryani,5,3,25.3,0,0,0,31
2025-03-08,Sandwich,5,3,25.3,0,0,0,40
2025-03-08,Tea,5,3,25.3,0,0,0,105
2025-03-08,Cold Coffee,5,3,25.3,0,0,0,39
2025-03-09,Samosa,6,3,24.2,0,0,0,33
2025-03-09,Veg Burger,6,3,24.2,0,0,0,17
2025-03-09,Masala Dosa,6,3,24.2,0,0,0,19
2025-03-09,Chole Bhature,6,3,24.2,0,0,0,21
2025-03-09,Veg Biryani,6,3,24.2,0,0,0,14
2025-03-09,Sandwich,6,3,24.2,0,0,0,20
2025-03-09,Tea,6,3,24.2,0,0,0,54
2025-03-09,Cold Coffee,6,3,24.2,0,0,0,16
2025-03-10,Samosa,0,3,28.3,0,0,0,141
2025-03-10,Veg Burger,0,3,28.3,0,0,0,70
2025-03-10,Masala Dosa,0,3,28.3,0,0,0,93
2025-03-10,Chole Bhature,0,3,28.3,0,0,0,87
2025-03-10,Veg Biryani,0,3,28.3,0,0,0,70
2025-03-10,Sandwich,0,3,28.3,0,0,0,85
2025-03-10,Tea,0,3,28.3,0,0,0,209
2025-03-10,Cold Coffee,0,3,28.3,0,0,0,81
2025-03-11,Samosa,1,3,27.5,0,0,0,130
2025-03-11,Veg Burger,1,3,27.5,0,0,0,68
2025-03-11,Masala Dosa,1,3,27.5,0,0,0,95
2025-03-11,Chole Bhature,1,3,27.5,0,0,0,78
2025-03-11,Veg Biryani,1,3,27.5,0,0,0,60
2025-03-11,Sandwich,1,3,27.5,0,0,0,78
2025-03-11,Tea,1,3,27.5,0,0,0,207
2025-03-11,Cold Coffee,1,3,27.5,0,0,0,70
2025-03-12,Samosa,2,3,25.8,0,0,0,129
2025-03-12,Veg Burger,2,3,25.8,0,0,0,61
2025-03-12,Masala Dosa,2,3,25.8,0,0,0,81
2025-03-12,Chole Bhature,2,3,25.8,0,0,0,95
2025-03-12,Veg Biryani,2,3,25.8,0,0,0,50
2025-03-12,Sandwich,2,3,25.8,0,0,0,69
2025-03-12,Tea,2,3,25.8,0,0,0,199
2025-03-12,Cold Coffee,2,3,25.8,0,0,0,69
2025-03-13,Samosa,3,3,23.8,0,0,0,131
2025-03-13,Veg Burger,3,3,23.8,0,0,0,75
2025-03-13,Masala Dosa,3,3,23.8,0,0,0,84
2025-03-13,Chole Bhature,3,3,23.8,0,0,0,81
2025-03-13,Veg Biryani,3,3,23.8,0,0,0,58
2025-03-13,Sandwich,3,3,23.8,0,0,0,76
2025-03-13,Tea,3,3,23.8,0,0,0,243
2025-03-13,Cold Coffee,3,3,23.8,0,0,0,74
2025-03-14,Samosa,4,3,29.0,1,0,0,151
2025-03-14,Veg Burger,4,3,29.0,1,0,0,69
2025-03-14,Masala Dosa,4,3,29.0,1,0,0,99
2025-03-14,Chole Bhature,4,3,29.0,1,0,0,77
2025-03-14,Veg Biryani,4,3,29.0,1,0,0,67
2025-03-14,Sandwich,4,3,29.0,1,0,0,72
2025-03-14,Tea,4,3,29.0,1,0,0,232
2025-03-14,Cold Coffee,4,3,29.0,1,0,0,75
2025-03-15,Samosa,5,3,32.4,0,0,0,61
2025-03-15,Veg Burger,5,3,32.4,0,0,0,36
2025-03-15,Masala Dosa,5,3,32.4,0,0,0,48
2025-03-15,Chole Bhature,5,3,32.4,0,0,0,39
2025-03-15,Veg Biryani,5,3,32.4,0,0,0,30
2025-03-15,Sandwich,5,3,32.4,0,0,0,44
2025-03-15,Tea,5,3,32.4,0,0,0,90
2025-03-15,Cold Coffee,5,3,32.4,0,0,0,48
2025-03-16,Samosa,6,3,26.7,1,0,0,41
2025-03-16,Veg Burger,6,3,26.7,1,0,0,16
2025-03-16,Masala Dosa,6,3,26.7,1,0,0,21
2025-03-16,Chole Bhature,6,3,26.7,1,0,0,22
2025-03-16,Veg Biryani,6,3,26.7,1,0,0,15
2025-03-16,Sandwich,6,3,26.7,1,0,0,19
2025-03-16,Tea,6,3,26.7,1,0,0,67
2025-03-16,Cold Coffee,6,3,26.7,1,0,0,18
2025-03-17,Samosa,0,3,25.9,0,0,0,121
2025-03-17,Veg Burger,0,3,25.9,0,0,0,68
2025-03-17,Masala Dosa,0,3,25.9,0,0,0,90
2025-03-17,Chole Bhature,0,3,25.9,0,0,0,79
2025-03-17,Veg Biryani,0,3,25.9,0,0,0,76
2025-03-17,Sandwich,0,3,25.9,0,0,0,69
2025-03-17,Tea,0,3,25.9,0,0,0,196
2025-03-17,Cold Coffee,0,3,25.9,0,0,0,84
2025-03-18,Samosa,1,3,26.8,0,0,0,129
2025-03-18,Veg Burger,1,3,26.8,0,0,0,75
2025-03-18,Masala Dosa,1,3,26.8,0,0,0,98
2025-03-18,Chole Bhature,1,3,26.8,0,0,0,87
2025-03-18,Veg Biryani,1,3,26.8,0,0,0,68
2025-03-18,Sandwich,1,3,26.8,0,0,0,78
2025-03-18,Tea,1,3,26.8,0,0,0,230
2025-03-18,Cold Coffee,1,3,26.8,0,0,0,80
2025-03-19,Samosa,2,3,24.5,0,0,0,129
2025-03-19,Veg Burger,2,3,24.5,0,0,0,71
2025-03-19,Masala Dosa,2,3,24.5,0,0,0,104
2025-03-19,Chole Bhature,2,3,24.5,0,0,0,104
2025-03-19,Veg Biryani,2,3,24.5,0,0,0,57
2025-03-19,Sandwich,2,3,24.5,0,0,0,75
2025-03-19,Tea,2,3,24.5,0,0,0,213
2025-03-19,Cold Coffee,2,3,24.5,0,0,0,64
2025-03-20,Samosa,3,3,26.1,0,0,0,115
2025-03-20,Veg Burger,3,3,26.1,0,0,0,64
2025-03-20,Masala Dosa,3,3,26.1,0,0,0,84
2025-03-20,Chole Bhature,3,3,26.1,0,0,0,73
2025-03-20,Veg Biryani,3,3,26.1,0,0,0,59
2025-03-20,Sandwich,3,3,26.1,0,0,0,71
2025-03-20,Tea,3,3,26.1,0,0,0,213
2025-03-20,Cold Coffee,3,3,26.1,0,0,0,83
2025-03-21,Samosa,4,3,29.2,0,0,0,123
2025-03-21,Veg Burger,4,3,29.2,0,0,0,65
2025-03-21,Masala Dosa,4,3,29.2,0,0,0,92
2025-03-21,Chole Bhature,4,3,29.2,0,0,0,88
2025-03-21,Veg Biryani,4,3,29.2,0,0,0,66
2025-03-21,Sandwich,4,3,29.2,0,0,0,88
2025-03-21,Tea,4,3,29.2,0,0,0,187
2025-03-21,Cold Coffee,4,3,29.2,0,0,0,89
2025-03-22,Samosa,5,3,26.7,0,0,0,67
2025-03-22,Veg Burger,5,3,26.7,0,0,0,40
2025-03-22,Masala Dosa,5,3,26.7,0,0,0,42
2025-03-22,Chole Bhature,5,3,26.7,0,0,0,45
2025-03-22,Veg Biryani,5,3,26.7,0,0,0,31
2025-03-22,Sandwich,5,3,26.7,0,0,0,40
2025-03-22,Tea,5,3,26.7,0,0,0,117
2025-03-22,Cold Coffee,5,3,26.7,0,0,0,45
2025-03-23,Samosa,6,3,30.1,0,0,0,31
2025-03-23,Veg Burger,6,3,30.1,0,0,0,16
2025-03-23,Masala Dosa,6,3,30.1,0,0,0,23
2025-03-23,Chole Bhature,6,3,30.1,0,0,0,20
2025-03-23,Veg Biryani,6,3,30.1,0,0,0,14
2025-03-23,Sandwich,6,3,30.1,0,0,0,19
2025-03-23,Tea,6,3,30.1,0,0,0,46
2025-03-23,Cold Coffee,6,3,30.1,0,0,0,22
2025-03-24,Samosa,0,3,26.6,0,0,0,106
2025-03-24,Veg Burger,0,3,26.6,0,0,0,76
2025-03-24,Masala Dosa,0,3,26.6,0,0,0,93
2025-03-24,Chole Bhature,0,3,26.6,0,0,0,76
2025-03-24,Veg Biryani,0,3,26.6,0,0,0,71
2025-03-24,Sandwich,0,3,26.6,0,0,0,70
2025-03-24,Tea,0,3,26.6,0,0,0,221
2025-03-24,Cold Coffee,0,3,26.6,0,0,0,71
2025-03-25,Samosa,1,3,30.4,0,0,1,33
2025-03-25,Veg Burger,1,3,30.4,0,0,1,19
2025-03-25,Masala Dosa,1,3,30.4,0,0,1,29
2025-03-25,Chole Bhature,1,3,30.4,0,0,1,26
2025-03-25,Veg Biryani,1,3,30.4,0,0,1,19
2025-03-25,Sandwich,1,3,30.4,0,0,1,24
2025-03-25,Tea,1,3,30.4,0,0,1,53
2025-03-25,Cold Coffee,1,3,30.4,0,0,1,29
2025-03-26,Samosa,2,3,27.7,1,0,0,167
2025-03-26,Veg Burger,2,3,27.7,1,0,0,76
2025-03-26,Masala Dosa,2,3,27.7,1,0,0,87
2025-03-26,Chole Bhature,2,3,27.7,1,0,0,93
2025-03-26,Veg Biryani,2,3,27.7,1,0,0,69
2025-03-26,Sandwich,2,3,27.7,1,0,0,74
2025-03-26,Tea,2,3,27.7,1,0,0,248
2025-03-26,Cold Coffee,2,3,27.7,1,0,0,71
2025-03-27,Samosa,3,3,27.9,0,0,0,123
2025-03-27,Veg Burger,3,3,27.9,0,0,0,59
2025-03-27,Masala Dosa,3,3,27.9,0,0,0,87
2025-03-27,Chole Bhature,3,3,27.9,0,0,0,66
2025-03-27,Veg Biryani,3,3,27.9,0,0,0,67
2025-03-27,Sandwich,3,3,27.9,0,0,0,68
2025-03-27,Tea,3,3,27.9,0,0,0,221
2025-03-27,Cold Coffee,3,3,27.9,0,0,0,91
2025-03-28,Samosa,4,3,26.2,0,0,0,109
2025-03-28,Veg Burger,4,3,26.2,0,0,0,68
2025-03-28,Masala Dosa,4,3,26.2,0,0,0,91
2025-03-28,Chole Bhature,4,3,26.2,0,0,0,86
2025-03-28,Veg Biryani,4,3,26.2,0,0,0,70
2025-03-28,Sandwich,4,3,26.2,0,0,0,74
2025-03-28,Tea,4,3,26.2,0,0,0,223
2025-03-28,Cold Coffee,4,3,26.2,0,0,0,74
2025-03-29,Samosa,5,3,27.8,0,0,0,63
2025-03-29,Veg Burger,5,3,27.8,0,0,0,41
2025-03-29,Masala Dosa,5,3,27.8,0,0,0,54
2025-03-29,Chole Bhature,5,3,27.8,0,0,0,43
2025-03-29,Veg Biryani,5,3,27.8,0,0,0,32
2025-03-29,Sandwich,5,3,27.8,0,0,0,43
2025-03-29,Tea,5,3,27.8,0,0,0,98
2025-03-29,Cold Coffee,5,3,27.8,0,0,0,47
2025-03-30,Samosa,6,3,29.1,1,0,0,41
2025-03-30,Veg Burger,6,3,29.1,1,0,0,17
2025-03-30,Masala Dosa,6,3,29.1,1,0,0,25
2025-03-30,Chole Bhature,6,3,29.1,1,0,0,21
2025-03-30,Veg Biryani,6,3,29.1,1,0,0,13
2025-03-30,Sandwich,6,3,29.1,1,0,0,19
2025-03-30,Tea,6,3,29.1,1,0,0,62
2025-03-30,Cold Coffee,6,3,29.1,1,0,0,16
2025-03-31,Samosa,0,3,28.7,0,0,0,131
2025-03-31,Veg Burger,0,3,28.7,0,0,0,72
2025-03-31,Masala Dosa,0,3,28.7,0,0,0,99
2025-03-31,Chole Bhature,0,3,28.7,0,0,0,82
2025-03-31,Veg Biryani,0,3,28.7,0,0,0,63
2025-03-31,Sandwich,0,3,28.7,0,0,0,67
2025-03-31,Tea,0,3,28.7,0,0,0,173
2025-03-31,Cold Coffee,0,3,28.7,0,0,0,92
2025-04-01,Samosa,1,4,34.4,0,0,0,138
2025-04-01,Veg Burger,1,4,34.4,0,0,0,64
2025-04-01,Masala Dosa,1,4,34.4,0,0,0,95
2025-04-01,Chole Bhature,1,4,34.4,0,0,0,74
2025-04-01,Veg Biryani,1,4,34.4,0,0,0,58
2025-04-01,Sandwich,1,4,34.4,0,0,0,77
2025-04-01,Tea,1,4,34.4,0,0,0,163
2025-04-01,Cold Coffee,1,4,34.4,0,0,0,97
2025-04-02,Samosa,2,4,32.9,0,0,0,123
2025-04-02,Veg Burger,2,4,32.9,0,0,0,77
2025-04-02,Masala Dosa,2,4,32.9,0,0,0,99
2025-04-02,Chole Bhature,2,4,32.9,0,0,0,100
2025-04-02,Veg Biryani,2,4,32.9,0,0,0,64
2025-04-02,Sandwich,2,4,32.9,0,0,0,78
2025-04-02,Tea,2,4,32.9,0,0,0,174
2025-04-02,Cold Coffee,2,4,32.9,0,0,0,108
2025-04-03,Samosa,3,4,29.2,0,0,0,130
2025-04-03,Veg Burger,3,4,29.2,0,0,0,70
2025-04-03,Masala Dosa,3,4,29.2,0,0,0,87
2025-04-03,Chole Bhature,3,4,29.2,0,0,0,83
2025-04-03,Veg Biryani,3,4,29.2,0,0,0,56
2025-04-03,Sandwich,3,4,29.2,0,0,0,72
2025-04-03,Tea,3,4,29.2,0,0,0,185
2025-04-03,Cold Coffee,3,4,29.2,0,0,0,95
2025-04-04,Samosa,4,4,32.0,0,0,0,124
2025-04-04,Veg Burger,4,4,32.0,0,0,0,67
2025-04-04,Masala Dosa,4,4,32.0,0,0,0,96
2025-04-04,Chole Bhature,4,4,32.0,0,0,0,80
2025-04-04,Veg Biryani,4,4,32.0,0,0,0,71
2025-04-04,Sandwich,4,4,32.0,0,0,0,69
2025-04-04,Tea,4,4,32.0,0,0,0,175
2025-04-04,Cold Coffee,4,4,32.0,0,0,0,95
2025-04-05,Samosa,5,4,33.7,0,0,0,75
2025-04-05,Veg Burger,5,4,33.7,0,0,0,37
2025-04-05,Masala Dosa,5,4,33.7,0,0,0,42
2025-04-05,Chole Bhature,5,4,33.7,0,0,0,45
2025-04-05,Veg Biryani,5,4,33.7,0,0,0,33
2025-04-05,Sandwich,5,4,33.7,0,0,0,38
2025-04-05,Tea,5,4,33.7,0,0,0,89
2025-04-05,Cold Coffee,5,4,33.7,0,0,0,61
2025-04-06,Samosa,6,4,28.1,0,0,0,29
2025-04-06,Veg Burger,6,4,28.1,0,0,0,18
2025-04-06,Masala Dosa,6,4,28.1,0,0,0,24
2025-04-06,Chole Bhature,6,4,28.1,0,0,0,20
2025-04-06,Veg Biryani,6,4,28.1,0,0,0,16
2025-04-06,Sandwich,6,4,28.1,0,0,0,19
2025-04-06,Tea,6,4,28.1,0,0,0,45
2025-04-06,Cold Coffee,6,4,28.1,0,0,0,23
2025-04-07,Samosa,0,4,30.8,0,0,0,111
2025-04-07,Veg Burger,0,4,30.8,0,0,0,78
2025-04-07,Masala Dosa,0,4,30.8,0,0,0,87
2025-04-07,Chole Bhature,0,4,30.8,0,0,0,73
2025-04-07,Veg Biryani,0,4,30.8,0,0,0,72
2025-04-07,Sandwich,0,4,30.8,0,0,0,83
2025-04-07,Tea,0,4,30.8,0,0,0,170
2025-04-07,Cold Coffee,0,4,30.8,0,0,0,109
2025-04-08,Samosa,1,4,32.8,0,0,0,107
2025-04-08,Veg Burger,1,4,32.8,0,0,0,74
2025-04-08,Masala Dosa,1,4,32.8,0,0,0,90
2025-04-08,Chole Bhature,1,4,32.8,0,0,0,76
2025-04-08,Veg Biryani,1,4,32.8,0,0,0,61
2025-04-08,Sandwich,1,4,32.8,0,0,0,81
2025-04-08,Tea,1,4,32.8,0,0,0,188
2025-04-08,Cold Coffee,1,4,32.8,0,0,0,94
2025-04-09,Samosa,2,4,33.5,0,0,0,114
2025-04-09,Veg Burger,2,4,33.5,0,0,0,71
2025-04-09,Masala Dosa,2,4,33.5,0,0,0,91
2025-04-09,Chole Bhature,2,4,33.5,0,0,0,108
2025-04-09,Veg Biryani,2,4,33.5,0,0,0,53
2025-04-09,Sandwich,2,4,33.5,0,0,0,65
2025-04-09,Tea,2,4,33.5,0,0,0,150
2025-04-09,Cold Coffee,2,4,33.5,0,0,0,113
2025-04-10,Samosa,3,4,30.5,0,0,0,124
2025-04-10,Veg Burger,3,4,30.5,0,0,0,73
2025-04-10,Masala Dosa,3,4,30.5,0,0,0,89
2025-04-10,Chole Bhature,3,4,30.5,0,0,0,80
2025-04-10,Veg Biryani,3,4,30.5,0,0,0,62
2025-04-10,Sandwich,3,4,30.5,0,0,0,74
2025-04-10,Tea,3,4,30.5,0,0,0,211
2025-04-10,Cold Coffee,3,4,30.5,0,0,0,100
2025-04-11,Samosa,4,4,33.7,1,0,0,144
2025-04-11,Veg Burger,4,4,33.7,1,0,0,78
2025-04-11,Masala Dosa,4,4,33.7,1,0,0,80
2025-04-11,Chole Bhature,4,4,33.7,1,0,0,82
2025-04-11,Veg Biryani,4,4,33.7,1,0,0,67
2025-04-11,Sandwich,4,4,33.7,1,0,0,79
2025-04-11,Tea,4,4,33.7,1,0,0,208
2025-04-11,Cold Coffee,4,4,33.7,1,0,0,94
2025-04-12,Samosa,5,4,28.8,0,0,0,70
2025-04-12,Veg Burger,5,4,28.8,0,0,0,37
2025-04-12,Masala Dosa,5,4,28.8,0,0,0,53
2025-04-12,Chole Bhature,5,4,28.8,0,0,0,40
2025-04-12,Veg Biryani,5,4,28.8,0,0,0,37
2025-04-12,Sandwich,5,4,28.8,0,0,0,41
2025-04-12,Tea,5,4,28.8,0,0,0,103
2025-04-12,Cold Coffee,5,4,28.8,0,0,0,47
2025-04-13,Samosa,6,4,33.6,0,0,0,29
2025-04-13,Veg Burger,6,4,33.6,0,0,0,17
2025-04-13,Masala Dosa,6,4,33.6,0,0,0,21
2025-04-13,Chole Bhature,6,4,33.6,0,0,0,20
2025-04-13,Veg Biryani,6,4,33.6,0,0,0,15
2025-04-13,Sandwich,6,4,33.6,0,0,0,17
2025-04-13,Tea,6,4,33.6,0,0,0,43
2025-04-13,Cold Coffee,6,4,33.6,0,0,0,25
2025-04-14,Samosa,0,4,31.7,1,0,0,159
2025-04-14,Veg Burger,0,4,31.7,1,0,0,64
2025-04-14,Masala Dosa,0,4,31.7,1,0,0,90
2025-04-14,Chole Bhature,0,4,31.7,1,0,0,85
2025-04-14,Veg Biryani,0,4,31.7,1,0,0,68
2025-04-14,Sandwich,0,4,31.7,1,0,0,82
2025-04-14,Tea,0,4,31.7,1,0,0,260
2025-04-14,Cold Coffee,0,4,31.7,1,0,0,84
2025-04-15,Samosa,1,4,31.1,0,0,0,110
2025-04-15,Veg Burger,1,4,31.1,0,0,0,69
2025-04-15,Masala Dosa,1,4,31.1,0,0,0,86
2025-04-15,Chole Bhature,1,4,31.1,0,0,0,81
2025-04-15,Veg Biryani,1,4,31.1,0,0,0,60
2025-04-15,Sandwich,1,4,31.1,0,0,0,83
2025-04-15,Tea,1,4,31.1,0,0,0,186
2025-04-15,Cold Coffee,1,4,31.1,0,0,0,106
2025-04-16,Samosa,2,4,31.4,0,0,0,118
2025-04-16,Veg Burger,2,4,31.4,0,0,0,75
2025-04-16,Masala Dosa,2,4,31.4,0,0,0,102
2025-04-16,Chole Bhature,2,4,31.4,0,0,0,106
2025-04-16,Veg Biryani,2,4,31.4,0,0,0,55
2025-04-16,Sandwich,2,4,31.4,0,0,0,73
2025-04-16,Tea,2,4,31.4,0,0,0,181
2025-04-16,Cold Coffee,2,4,31.4,0,0,0,100
2025-04-17,Samosa,3,4,33.4,0,0,0,112
2025-04-17,Veg Burger,3,4,33.4,0,0,0,63
2025-04-17,Masala Dosa,3,4,33.4,0,0,0,90
2025-04-17,Chole Bhature,3,4,33.4,0,0,0,78
2025-04-17,Veg Biryani,3,4,33.4,0,0,0,65
2025-04-17,Sandwich,3,4,33.4,0,0,0,72
2025-04-17,Tea,3,4,33.4,0,0,0,184
2025-04-17,Cold Coffee,3,4,33.4,0,0,0,94
2025-04-18,Samosa,4,4,36.5,0,0,0,120
2025-04-18,Veg Burger,4,4,36.5,0,0,0,69
2025-04-18,Masala Dosa,4,4,36.5,0,0,0,87
2025-04-18,Chole Bhature,4,4,36.5,0,0,0,91
2025-04-18,Veg Biryani,4,4,36.5,0,0,0,64
2025-04-18,Sandwich,4,4,36.5,0,0,0,80
2025-04-18,Tea,4,4,36.5,0,0,0,171
2025-04-18,Cold Coffee,4,4,36.5,0,0,0,125
2025-04-19,Samosa,5,4,30.7,0,0,0,62
2025-04-19,Veg Burger,5,4,30.7,0,0,0,38
2025-04-19,Masala Dosa,5,4,30.7,0,0,0,54
2025-04-19,Chole Bhature,5,4,30.7,0,0,0,46
2025-04-19,Veg Biryani,5,4,30.7,0,0,0,32
2025-04-19,Sandwich,5,4,30.7,0,0,0,39
2025-04-19,Tea,5,4,30.7,0,0,0,120
2025-04-19,Cold Coffee,5,4,30.7,0,0,0,46
2025-04-20,Samosa,6,4,31.9,0,0,0,25
2025-04-20,Veg Burger,6,4,31.9,0,0,0,14
2025-04-20,Masala Dosa,6,4,31.9,0,0,0,24
2025-04-20,Chole Bhature,6,4,31.9,0,0,0,20
2025-04-20,Veg Biryani,6,4,31.9,0,0,0,15
2025-04-20,Sandwich,6,4,31.9,0,0,0,21
2025-04-20,Tea,6,4,31.9,0,0,0,48
2025-04-20,Cold Coffee,6,4,31.9,0,0,0,28
2025-04-21,Samosa,0,4,29.2,0,0,0,120
2025-04-21,Veg Burger,0,4,29.2,0,0,0,72
2025-04-21,Masala Dosa,0,4,29.2,0,0,0,89
2025-04-21,Chole Bhature,0,4,29.2,0,0,0,82
2025-04-21,Veg Biryani,0,4,29.2,0,0,0,68
2025-04-21,Sandwich,0,4,29.2,0,0,0,88
2025-04-21,Tea,0,4,29.2,0,0,0,204
2025-04-21,Cold Coffee,0,4,29.2,0,0,0,81
2025-04-22,Samosa,1,4,32.2,0,0,0,122
2025-04-22,Veg Burger,1,4,32.2,0,0,0,66
2025-04-22,Masala Dosa,1,4,32.2,0,0,0,101
2025-04-22,Chole Bhature,1,4,32.2,0,0,0,78
2025-04-22,Veg Biryani,1,4,32.2,0,0,0,57
2025-04-22,Sandwich,1,4,32.2,0,0,0,72
2025-04-22,Tea,1,4,32.2,0,0,0,194
2025-04-22,Cold Coffee,1,4,32.2,0,0,0,98
2025-04-23,Samosa,2,4,30.7,0,0,0,136
2025-04-23,Veg Burger,2,4,30.7,0,0,0,63
2025-04-23,Masala Dosa,2,4,30.7,0,0,0,97
2025-04-23,Chole Bhature,2,4,30.7,0,0,0,89
2025-04-23,Veg Biryani,2,4,30.7,0,0,0,61
2025-04-23,Sandwich,2,4,30.7,0,0,0,67
2025-04-23,Tea,2,4,30.7,0,0,0,200
2025-04-23,Cold Coffee,2,4,30.7,0,0,0,101
2025-04-24,Samosa,3,4,33.5,0,0,0,128
2025-04-24,Veg Burger,3,4,33.5,0,0,0,71
2025-04-24,Masala Dosa,3,4,33.5,0,0,0,88
2025-04-24,Chole Bhature,3,4,33.5,0,0,0,76
2025-04-24,Veg Biryani,3,4,33.5,0,0,0,67
2025-04-24,Sandwich,3,4,33.5,0,0,0,71
2025-04-24,Tea,3,4,33.5,0,0,0,163
2025-04-24,Cold Coffee,3,4,33.5,0,0,0,109
2025-04-25,Samosa,4,4,30.4,0,0,0,111
2025-04-25,Veg Burger,4,4,30.4,0,0,0,63
2025-04-25,Masala Dosa,4,4,30.4,0,0,0,81
2025-04-25,Chole Bhature,4,4,30.4,0,0,0,78
2025-04-25,Veg Biryani,4,4,30.4,0,0,0,70
2025-04-25,Sandwich,4,4,30.4,0,0,0,78
2025-04-25,Tea,4,4,30.4,0,0,0,183
2025-04-25,Cold Coffee,4,4,30.4,0,0,0,90
2025-04-26,Samosa,5,4,32.2,0,0,0,61
2025-04-26,Veg Burger,5,4,32.2,0,0,0,34
2025-04-26,Masala Dosa,5,4,32.2,0,0,0,52
2025-04-26,Chole Bhature,5,4,32.2,0,0,0,46
2025-04-26,Veg Biryani,5,4,32.2,0,0,0,35
2025-04-26,Sandwich,5,4,32.2,0,0,0,41
2025-04-26,Tea,5,4,32.2,0,0,0,112
2025-04-26,Cold Coffee,5,4,32.2,0,0,0,52
2025-04-27,Samosa,6,4,33.9,0,0,0,30
2025-04-27,Veg Burger,6,4,33.9,0,0,0,18
2025-04-27,Masala Dosa,6,4,33.9,0,0,0,23
2025-04-27,Chole Bhature,6,4,33.9,0,0,0,21
2025-04-27,Veg Biryani,6,4,33.9,0,0,0,14
2025-04-27,Sandwich,6,4,33.9,0,0,0,18
2025-04-27,Tea,6,4,33.9,0,0,0,47
2025-04-27,Cold Coffee,6,4,33.9,0,0,0,27
2025-04-28,Samosa,0,4,29.6,0,0,0,127
2025-04-28,Veg Burger,0,4,29.6,0,0,0,71
2025-04-28,Masala Dosa,0,4,29.6,0,0,0,97
2025-04-28,Chole Bhature,0,4,29.6,0,0,0,83
2025-04-28,Veg Biryani,0,4,29.6,0,0,0,69
2025-04-28,Sandwich,0,4,29.6,0,0,0,73
2025-04-28,Tea,0,4,29.6,0,0,0,192
2025-04-28,Cold Coffee,0,4,29.6,0,0,0,68
2025-04-29,Samosa,1,4,32.4,0,0,0,115
2025-04-29,Veg Burger,1,4,32.4,0,0,0,70
2025-04-29,Masala Dosa,1,4,32.4,0,0,0,101
2025-04-29,Chole Bhature,1,4,32.4,0,0,0,83
2025-04-29,Veg Biryani,1,4,32.4,0,0,0,55
2025-04-29,Sandwich,1,4,32.4,0,0,0,76
2025-04-29,Tea,1,4,32.4,0,0,0,181
2025-04-29,Cold Coffee,1,4,32.4,0,0,0,91
2025-04-30,Samosa,2,4,32.7,0,0,0,112
2025-04-30,Veg Burger,2,4,32.7,0,0,0,70
2025-04-30,Masala Dosa,2,4,32.7,0,0,0,80
2025-04-30,Chole Bhature,2,4,32.7,0,0,0,101
2025-04-30,Veg Biryani,2,4,32.7,0,0,0,62
2025-04-30,Sandwich,2,4,32.7,0,0,0,78
2025-04-30,Tea,2,4,32.7,0,0,0,181
2025-04-30,Cold Coffee,2,4,32.7,0,0,0,104
2025-05-01,Samosa,3,5,38.1,0,1,0,106
2025-05-01,Veg Burger,3,5,38.1,0,1,0,73
2025-05-01,Masala Dosa,3,5,38.1,0,1,0,94
2025-05-01,Chole Bhature,3,5,38.1,0,1,0,71
2025-05-01,Veg Biryani,3,5,38.1,0,1,0,50
2025-05-01,Sandwich,3,5,38.1,0,1,0,71
2025-05-01,Tea,3,5,38.1,0,1,0,186
2025-05-01,Cold Coffee,3,5,38.1,0,1,0,123
2025-05-02,Samosa,4,5,33.6,0,1,0,95
2025-05-02,Veg Burger,4,5,33.6,0,1,0,69
2025-05-02,Masala Dosa,4,5,33.6,0,1,0,77
2025-05-02,Chole Bhature,4,5,33.6,0,1,0,76
2025-05-02,Veg Biryani,4,5,33.6,0,1,0,56
2025-05-02,Sandwich,4,5,33.6,0,1,0,71
2025-05-02,Tea,4,5,33.6,0,1,0,225
2025-05-02,Cold Coffee,4,5,33.6,0,1,0,107
2025-05-03,Samosa,5,5,32.9,0,1,0,61
2025-05-03,Veg Burger,5,5,32.9,0,1,0,36
2025-05-03,Masala Dosa,5,5,32.9,0,1,0,42
2025-05-03,Chole Bhature,5,5,32.9,0,1,0,38
2025-05-03,Veg Biryani,5,5,32.9,0,1,0,30
2025-05-03,Sandwich,5,5,32.9,0,1,0,41
2025-05-03,Tea,5,5,32.9,0,1,0,119
2025-05-03,Cold Coffee,5,5,32.9,0,1,0,56
2025-05-04,Samosa,6,5,36.4,0,1,0,22
2025-05-04,Veg Burger,6,5,36.4,0,1,0,17
2025-05-04,Masala Dosa,6,5,36.4,0,1,0,20
2025-05-04,Chole Bhature,6,5,36.4,0,1,0,20
2025-05-04,Veg Biryani,6,5,36.4,0,1,0,12
2025-05-04,Sandwich,6,5,36.4,0,1,0,13
2025-05-04,Tea,6,5,36.4,0,1,0,51
2025-05-04,Cold Coffee,6,5,36.4,0,1,0,29
2025-05-05,Samosa,0,5,31.5,0,1,0,100
2025-05-05,Veg Burger,0,5,31.5,0,1,0,55
2025-05-05,Masala Dosa,0,5,31.5,0,1,0,84
2025-05-05,Chole Bhature,0,5,31.5,0,1,0,72
2025-05-05,Veg Biryani,0,5,31.5,0,1,0,69
2025-05-05,Sandwich,0,5,31.5,0,1,0,64
2025-05-05,Tea,0,5,31.5,0,1,0,218
2025-05-05,Cold Coffee,0,5,31.5,0,1,0,90
2025-05-06,Samosa,1,5,33.9,0,1,0,112
2025-05-06,Veg Burger,1,5,33.9,0,1,0,53
2025-05-06,Masala Dosa,1,5,33.9,0,1,0,68
2025-05-06,Chole Bhature,1,5,33.9,0,1,0,76
2025-05-06,Veg Biryani,1,5,33.9,0,1,0,56
2025-05-06,Sandwich,1,5,33.9,0,1,0,67
2025-05-06,Tea,1,5,33.9,0,1,0,188
2025-05-06,Cold Coffee,1,5,33.9,0,1,0,99
2025-05-07,Samosa,2,5,34.4,0,1,0,94
2025-05-07,Veg Burger,2,5,34.4,0,1,0,66
2025-05-07,Masala Dosa,2,5,34.4,0,1,0,75
2025-05-07,Chole Bhature,2,5,34.4,0,1,0,86
2025-05-07,Veg Biryani,2,5,34.4,0,1,0,53
2025-05-07,Sandwich,2,5,34.4,0,1,0,64
2025-05-07,Tea,2,5,34.4,0,1,0,229
2025-05-07,Cold Coffee,2,5,34.4,0,1,0,95
2025-05-08,Samosa,3,5,35.5,0,1,0,111
2025-05-08,Veg Burger,3,5,35.5,0,1,0,62
2025-05-08,Masala Dosa,3,5,35.5,0,1,0,90
2025-05-08,Chole Bhature,3,5,35.5,0,1,0,67
2025-05-08,Veg Biryani,3,5,35.5,0,1,0,57
2025-05-08,Sandwich,3,5,35.5,0,1,0,66
2025-05-08,Tea,3,5,35.5,0,1,0,201
2025-05-08,Cold Coffee,3,5,35.5,0,1,0,109
2025-05-09,Samosa,4,5,33.2,0,1,0,108
2025-05-09,Veg Burger,4,5,33.2,0,1,0,66
2025-05-09,Masala Dosa,4,5,33.2,0,1,0,80
2025-05-09,Chole Bhature,4,5,33.2,0,1,0,62
2025-05-09,Veg Biryani,4,5,33.2,0,1,0,64
2025-05-09,Sandwich,4,5,33.2,0,1,0,73
2025-05-09,Tea,4,5,33.2,0,1,0,237
2025-05-09,Cold Coffee,4,5,33.2,0,1,0,100
2025-05-10,Samosa,5,5,35.2,0,1,0,62
2025-05-10,Veg Burger,5,5,35.2,0,1,0,36
2025-05-10,Masala Dosa,5,5,35.2,0,1,0,38
2025-05-10,Chole Bhature,5,5,35.2,0,1,0,40
2025-05-10,Veg Biryani,5,5,35.2,0,1,0,29
2025-05-10,Sandwich,5,5,35.2,0,1,0,35
2025-05-10,Tea,5,5,35.2,0,1,0,125
2025-05-10,Cold Coffee,5,5,35.2,0,1,0,57
2025-05-11,Samosa,6,5,33.3,1,1,0,35
2025-05-11,Veg Burger,6,5,33.3,1,1,0,15
2025-05-11,Masala Dosa,6,5,33.3,1,1,0,19
2025-05-11,Chole Bhature,6,5,33.3,1,1,0,18
2025-05-11,Veg Biryani,6,5,33.3,1,1,0,14
2025-05-11,Sandwich,6,5,33.3,1,1,0,17
2025-05-11,Tea,6,5,33.3,1,1,0,78
2025-05-11,Cold Coffee,6,5,33.3,1,1,0,19
2025-05-12,Samosa,0,5,34.4,0,1,0,103
2025-05-12,Veg Burger,0,5,34.4,0,1,0,65
2025-05-12,Masala Dosa,0,5,34.4,0,1,0,64
2025-05-12,Chole Bhature,0,5,34.4,0,1,0,87
2025-05-12,Veg Biryani,0,5,34.4,0,1,0,65
2025-05-12,Sandwich,0,5,34.4,0,1,0,68
2025-05-12,Tea,0,5,34.4,0,1,0,229
2025-05-12,Cold Coffee,0,5,34.4,0,1,0,127
2025-05-13,Samosa,1,5,36.7,0,1,0,116
2025-05-13,Veg Burger,1,5,36.7,0,1,0,62
2025-05-13,Masala Dosa,1,5,36.7,0,1,0,83
2025-05-13,Chole Bhature,1,5,36.7,0,1,0,66
2025-05-13,Veg Biryani,1,5,36.7,0,1,0,50
2025-05-13,Sandwich,1,5,36.7,0,1,0,60
2025-05-13,Tea,1,5,36.7,0,1,0,187
2025-05-13,Cold Coffee,1,5,36.7,0,1,0,91
2025-05-14,Samosa,2,5,34.3,0,1,0,109
2025-05-14,Veg Burger,2,5,34.3,0,1,0,60
2025-05-14,Masala Dosa,2,5,34.3,0,1,0,101
2025-05-14,Chole Bhature,2,5,34.3,0,1,0,96
2025-05-14,Veg Biryani,2,5,34.3,0,1,0,49
2025-05-14,Sandwich,2,5,34.3,0,1,0,69
2025-05-14,Tea,2,5,34.3,0,1,0,200
2025-05-14,Cold Coffee,2,5,34.3,0,1,0,98
2025-05-15,Samosa,3,5,32.2,0,1,0,112
2025-05-15,Veg Burger,3,5,32.2,0,1,0,66
2025-05-15,Masala Dosa,3,5,32.2,0,1,0,85
2025-05-15,Chole Bhature,3,5,32.2,0,1,0,68
2025-05-15,Veg Biryani,3,5,32.2,0,1,0,52
2025-05-15,Sandwich,3,5,32.2,0,1,0,70
2025-05-15,Tea,3,5,32.2,0,1,0,206
2025-05-15,Cold Coffee,3,5,32.2,0,1,0,109
2025-05-16,Samosa,4,5,36.1,0,1,0,101
2025-05-16,Veg Burger,4,5,36.1,0,1,0,65
2025-05-16,Masala Dosa,4,5,36.1,0,1,0,85
2025-05-16,Chole Bhature,4,5,36.1,0,1,0,69
2025-05-16,Veg Biryani,4,5,36.1,0,1,0,58
2025-05-16,Sandwich,4,5,36.1,0,1,0,76
2025-05-16,Tea,4,5,36.1,0,1,0,205
2025-05-16,Cold Coffee,4,5,36.1,0,1,0,118
2025-05-17,Samosa,5,5,33.3,0,1,0,54
2025-05-17,Veg Burger,5,5,33.3,0,1,0,35
2025-05-17,Masala Dosa,5,5,33.3,0,1,0,42
2025-05-17,Chole Bhature,5,5,33.3,0,1,0,39
2025-05-17,Veg Biryani,5,5,33.3,0,1,0,27
2025-05-17,Sandwich,5,5,33.3,0,1,0,41
2025-05-17,Tea,5,5,33.3,0,1,0,112
2025-05-17,Cold Coffee,5,5,33.3,0,1,0,55
2025-05-18,Samosa,6,5,35.7,0,1,0,25
2025-05-18,Veg Burger,6,5,35.7,0,1,0,15
2025-05-18,Masala Dosa,6,5,35.7,0,1,0,21
2025-05-18,Chole Bhature,6,5,35.7,0,1,0,19
2025-05-18,Veg Biryani,6,5,35.7,0,1,0,13
2025-05-18,Sandwich,6,5,35.7,0,1,0,15
2025-05-18,Tea,6,5,35.7,0,1,0,52
2025-05-18,Cold Coffee,6,5,35.7,0,1,0,26
2025-05-19,Samosa,0,5,33.9,0,1,0,119
2025-05-19,Veg Burger,0,5,33.9,0,1,0,64
2025-05-19,Masala Dosa,0,5,33.9,0,1,0,87
2025-05-19,Chole Bhature,0,5,33.9,0,1,0,70
2025-05-19,Veg Biryani,0,5,33.9,0,1,0,56
2025-05-19,Sandwich,0,5,33.9,0,1,0,70
2025-05-19,Tea,0,5,33.9,0,1,0,229
2025-05-19,Cold Coffee,0,5,33.9,0,1,0,113
2025-05-20,Samosa,1,5,35.7,0,1,0,122
2025-05-20,Veg Burger,1,5,35.7,0,1,0,65
2025-05-20,Masala Dosa,1,5,35.7,0,1,0,85
2025-05-20,Chole Bhature,1,5,35.7,0,1,0,80
2025-05-20,Veg Biryani,1,5,35.7,0,1,0,56
2025-05-20,Sandwich,1,5,35.7,0,1,0,65
2025-05-20,Tea,1,5,35.7,0,1,0,196
2025-05-20,Cold Coffee,1,5,35.7,0,1,0,113
2025-05-21,Samosa,2,5,32.3,0,1,0,107
2025-05-21,Veg Burger,2,5,32.3,0,1,0,63
2025-05-21,Masala Dosa,2,5,32.3,0,1,0,79
2025-05-21,Chole Bhature,2,5,32.3,0,1,0,101
2025-05-21,Veg Biryani,2,5,32.3,0,1,0,58
2025-05-21,Sandwich,2,5,32.3,0,1,0,73
2025-05-21,Tea,2,5,32.3,0,1,0,228
2025-05-21,Cold Coffee,2,5,32.3,0,1,0,97
2025-05-22,Samosa,3,5,34.4,0,1,0,108
2025-05-22,Veg Burger,3,5,34.4,0,1,0,69
2025-05-22,Masala Dosa,3,5,34.4,0,1,0,87
2025-05-22,Chole Bhature,3,5,34.4,0,1,0,64
2025-05-22,Veg Biryani,3,5,34.4,0,1,0,57
2025-05-22,Sandwich,3,5,34.4,0,1,0,66
2025-05-22,Tea,3,5,34.4,0,1,0,211
2025-05-22,Cold Coffee,3,5,34.4,0,1,0,101
2025-05-23,Samosa,4,5,38.4,0,1,0,117
2025-05-23,Veg Burger,4,5,38.4,0,1,0,68
2025-05-23,Masala Dosa,4,5,38.4,0,1,0,78
2025-05-23,Chole Bhature,4,5,38.4,0,1,0,75
2025-05-23,Veg Biryani,4,5,38.4,0,1,0,60
2025-05-23,Sandwich,4,5,38.4,0,1,0,76
2025-05-23,Tea,4,5,38.4,0,1,0,196
2025-05-23,Cold Coffee,4,5,38.4,0,1,0,112
2025-05-24,Samosa,5,5,36.3,0,1,0,58
2025-05-24,Veg Burger,5,5,36.3,0,1,0,38
2025-05-24,Masala Dosa,5,5,36.3,0,1,0,44
2025-05-24,Chole Bhature,5,5,36.3,0,1,0,41
2025-05-24,Veg Biryani,5,5,36.3,0,1,0,29
2025-05-24,Sandwich,5,5,36.3,0,1,0,34
2025-05-24,Tea,5,5,36.3,0,1,0,109
2025-05-24,Cold Coffee,5,5,36.3,0,1,0,64
2025-05-25,Samosa,6,5,33.6,0,1,0,26
2025-05-25,Veg Burger,6,5,33.6,0,1,0,17
2025-05-25,Masala Dosa,6,5,33.6,0,1,0,19
2025-05-25,Chole Bhature,6,5,33.6,0,1,0,17
2025-05-25,Veg Biryani,6,5,33.6,0,1,0,10
2025-05-25,Sandwich,6,5,33.6,0,1,0,16
2025-05-25,Tea,6,5,33.6,0,1,0,59
2025-05-25,Cold Coffee,6,5,33.6,0,1,0,22
2025-05-26,Samosa,0,5,33.0,0,1,0,120
2025-05-26,Veg Burger,0,5,33.0,0,1,0,64
2025-05-26,Masala Dosa,0,5,33.0,0,1,0,84
2025-05-26,Chole Bhature,0,5,33.0,0,1,0,59
2025-05-26,Veg Biryani,0,5,33.0,0,1,0,56
2025-05-26,Sandwich,0,5,33.0,0,1,0,72
2025-05-26,Tea,0,5,33.0,0,1,0,221
2025-05-26,Cold Coffee,0,5,33.0,0,1,0,101
2025-05-27,Samosa,1,5,36.1,0,1,0,122
2025-05-27,Veg Burger,1,5,36.1,0,1,0,63
2025-05-27,Masala Dosa,1,5,36.1,0,1,0,79
2025-05-27,Chole Bhature,1,5,36.1,0,1,0,89
2025-05-27,Veg Biryani,1,5,36.1,0,1,0,57
2025-05-27,Sandwich,1,5,36.1,0,1,0,64
2025-05-27,Tea,1,5,36.1,0,1,0,198
2025-05-27,Cold Coffee,1,5,36.1,0,1,0,105
2025-05-28,Samosa,2,5,30.1,1,1,0,148
2025-05-28,Veg Burger,2,5,30.1,1,1,0,79
2025-05-28,Masala Dosa,2,5,30.1,1,1,0,86
2025-05-28,Chole Bhature,2,5,30.1,1,1,0,81
2025-05-28,Veg Biryani,2,5,30.1,1,1,0,52
2025-05-28,Sandwich,2,5,30.1,1,1,0,65
2025-05-28,Tea,2,5,30.1,1,1,0,256
2025-05-28,Cold Coffee,2,5,30.1,1,1,0,72
2025-05-29,Samosa,3,5,36.4,0,1,0,97
2025-05-29,Veg Burger,3,5,36.4,0,1,0,61
2025-05-29,Masala Dosa,3,5,36.4,0,1,0,89
2025-05-29,Chole Bhature,3,5,36.4,0,1,0,71
2025-05-29,Veg Biryani,3,5,36.4,0,1,0,53
2025-05-29,Sandwich,3,5,36.4,0,1,0,68
2025-05-29,Tea,3,5,36.4,0,1,0,204
2025-05-29,Cold Coffee,3,5,36.4,0,1,0,109
2025-05-30,Samosa,4,5,35.0,0,1,0,90
2025-05-30,Veg Burger,4,5,35.0,0,1,0,73
2025-05-30,Masala Dosa,4,5,35.0,0,1,0,82
2025-05-30,Chole Bhature,4,5,35.0,0,1,0,74
2025-05-30,Veg Biryani,4,5,35.0,0,1,0,62
2025-05-30,Sandwich,4,5,35.0,0,1,0,64
2025-05-30,Tea,4,5,35.0,0,1,0,203
2025-05-30,Cold Coffee,4,5,35.0,0,1,0,95
2025-05-31,Samosa,5,5,39.5,0,1,0,54
2025-05-31,Veg Burger,5,5,39.5,0,1,0,35
2025-05-31,Masala Dosa,5,5,39.5,0,1,0,40
2025-05-31,Chole Bhature,5,5,39.5,0,1,0,41
2025-05-31,Veg Biryani,5,5,39.5,0,1,0,32
2025-05-31,Sandwich,5,5,39.5,0,1,0,39
2025-05-31,Tea,5,5,39.5,0,1,0,100
2025-05-31,Cold Coffee,5,5,39.5,0,1,0,70
2025-06-01,Samosa,6,6,37.8,0,0,0,35
2025-06-01,Veg Burger,6,6,37.8,0,0,0,17
2025-06-01,Masala Dosa,6,6,37.8,0,0,0,25
2025-06-01,Chole Bhature,6,6,37.8,0,0,0,21
2025-06-01,Veg Biryani,6,6,37.8,0,0,0,16
2025-06-01,Sandwich,6,6,37.8,0,0,0,16
2025-06-01,Tea,6,6,37.8,0,0,0,40
2025-06-01,Cold Coffee,6,6,37.8,0,0,0,28
2025-06-02,Samosa,0,6,37.7,0,0,0,130
2025-06-02,Veg Burger,0,6,37.7,0,0,0,70
2025-06-02,Masala Dosa,0,6,37.7,0,0,0,77
2025-06-02,Chole Bhature,0,6,37.7,0,0,0,76
2025-06-02,Veg Biryani,0,6,37.7,0,0,0,58
2025-06-02,Sandwich,0,6,37.7,0,0,0,78
2025-06-02,Tea,0,6,37.7,0,0,0,172
2025-06-02,Cold Coffee,0,6,37.7,0,0,0,116
2025-06-03,Samosa,1,6,36.6,0,0,0,108
2025-06-03,Veg Burger,1,6,36.6,0,0,0,64
2025-06-03,Masala Dosa,1,6,36.6,0,0,0,95
2025-06-03,Chole Bhature,1,6,36.6,0,0,0,80
2025-06-03,Veg Biryani,1,6,36.6,0,0,0,59
2025-06-03,Sandwich,1,6,36.6,0,0,0,72
2025-06-03,Tea,1,6,36.6,0,0,0,162
2025-06-03,Cold Coffee,1,6,36.6,0,0,0,124
2025-06-04,Samosa,2,6,35.3,1,0,0,139
2025-06-04,Veg Burger,2,6,35.3,1,0,0,71
2025-06-04,Masala Dosa,2,6,35.3,1,0,0,92
2025-06-04,Chole Bhature,2,6,35.3,1,0,0,98
2025-06-04,Veg Biryani,2,6,35.3,1,0,0,60
2025-06-04,Sandwich,2,6,35.3,1,0,0,71
2025-06-04,Tea,2,6,35.3,1,0,0,221
2025-06-04,Cold Coffee,2,6,35.3,1,0,0,85
2025-06-05,Samosa,3,6,32.7,1,0,0,164
2025-06-05,Veg Burger,3,6,32.7,1,0,0,61
2025-06-05,Masala Dosa,3,6,32.7,1,0,0,91
2025-06-05,Chole Bhature,3,6,32.7,1,0,0,81
2025-06-05,Veg Biryani,3,6,32.7,1,0,0,60
2025-06-05,Sandwich,3,6,32.7,1,0,0,81
2025-06-05,Tea,3,6,32.7,1,0,0,242
2025-06-05,Cold Coffee,3,6,32.7,1,0,0,90
2025-06-06,Samosa,4,6,34.0,1,0,0,158
2025-06-06,Veg Burger,4,6,34.0,1,0,0,60
2025-06-06,Masala Dosa,4,6,34.0,1,0,0,92
2025-06-06,Chole Bhature,4,6,34.0,1,0,0,81
2025-06-06,Veg Biryani,4,6,34.0,1,0,0,67
2025-06-06,Sandwich,4,6,34.0,1,0,0,78
2025-06-06,Tea,4,6,34.0,1,0,0,230
2025-06-06,Cold Coffee,4,6,34.0,1,0,0,79
2025-06-07,Samosa,5,6,35.9,0,0,0,56
2025-06-07,Veg Burger,5,6,35.9,0,0,0,36
2025-06-07,Masala Dosa,5,6,35.9,0,0,0,44
2025-06-07,Chole Bhature,5,6,35.9,0,0,0,50
2025-06-07,Veg Biryani,5,6,35.9,0,0,0,33
2025-06-07,Sandwich,5,6,35.9,0,0,0,40
2025-06-07,Tea,5,6,35.9,0,0,0,99
2025-06-07,Cold Coffee,5,6,35.9,0,0,0,56
2025-06-08,Samosa,6,6,34.5,0,0,0,30
2025-06-08,Veg Burger,6,6,34.5,0,0,0,18
2025-06-08,Masala Dosa,6,6,34.5,0,0,0,25
2025-06-08,Chole Bhature,6,6,34.5,0,0,0,21
2025-06-08,Veg Biryani,6,6,34.5,0,0,0,16
2025-06-08,Sandwich,6,6,34.5,0,0,0,19
2025-06-08,Tea,6,6,34.5,0,0,0,46
2025-06-08,Cold Coffee,6,6,34.5,0,0,0,27
2025-06-09,Samosa,0,6,34.0,1,0,0,150
2025-06-09,Veg Burger,0,6,34.0,1,0,0,84
2025-06-09,Masala Dosa,0,6,34.0,1,0,0,90
2025-06-09,Chole Bhature,0,6,34.0,1,0,0,71
2025-06-09,Veg Biryani,0,6,34.0,1,0,0,68
2025-06-09,Sandwich,0,6,34.0,1,0,0,78
2025-06-09,Tea,0,6,34.0,1,0,0,259
2025-06-09,Cold Coffee,0,6,34.0,1,0,0,80
2025-06-10,Samosa,1,6,32.8,1,0,0,166
2025-06-10,Veg Burger,1,6,32.8,1,0,0,68
2025-06-10,Masala Dosa,1,6,32.8,1,0,0,83
2025-06-10,Chole Bhature,1,6,32.8,1,0,0,76
2025-06-10,Veg Biryani,1,6,32.8,1,0,0,63
2025-06-10,Sandwich,1,6,32.8,1,0,0,75
2025-06-10,Tea,1,6,32.8,1,0,0,219
2025-06-10,Cold Coffee,1,6,32.8,1,0,0,85
2025-06-11,Samosa,2,6,37.3,0,0,0,124
2025-06-11,Veg Burger,2,6,37.3,0,0,0,75
2025-06-11,Masala Dosa,2,6,37.3,0,0,0,93
2025-06-11,Chole Bhature,2,6,37.3,0,0,0,99
2025-06-11,Veg Biryani,2,6,37.3,0,0,0,52
2025-06-11,Sandwich,2,6,37.3,0,0,0,75
2025-06-11,Tea,2,6,37.3,0,0,0,169
2025-06-11,Cold Coffee,2,6,37.3,0,0,0,123
2025-06-12,Samosa,3,6,34.6,0,0,0,114
2025-06-12,Veg Burger,3,6,34.6,0,0,0,68
2025-06-12,Masala Dosa,3,6,34.6,0,0,0,98
2025-06-12,Chole Bhature,3,6,34.6,0,0,0,81
2025-06-12,Veg Biryani,3,6,34.6,0,0,0,66
2025-06-12,Sandwich,3,6,34.6,0,0,0,80
2025-06-12,Tea,3,6,34.6,0,0,0,157
2025-06-12,Cold Coffee,3,6,34.6,0,0,0,107
2025-06-13,Samosa,4,6,38.0,0,0,0,125
2025-06-13,Veg Burger,4,6,38.0,0,0,0,67
2025-06-13,Masala Dosa,4,6,38.0,0,0,0,84
2025-06-13,Chole Bhature,4,6,38.0,0,0,0,80
2025-06-13,Veg Biryani,4,6,38.0,0,0,0,70
2025-06-13,Sandwich,4,6,38.0,0,0,0,93
2025-06-13,Tea,4,6,38.0,0,0,0,158
2025-06-13,Cold Coffee,4,6,38.0,0,0,0,108
2025-06-14,Samosa,5,6,36.5,0,0,0,55
2025-06-14,Veg Burger,5,6,36.5,0,0,0,36
2025-06-14,Masala Dosa,5,6,36.5,0,0,0,55
2025-06-14,Chole Bhature,5,6,36.5,0,0,0,41
2025-06-14,Veg Biryani,5,6,36.5,0,0,0,32
2025-06-14,Sandwich,5,6,36.5,0,0,0,37
2025-06-14,Tea,5,6,36.5,0,0,0,93
2025-06-14,Cold Coffee,5,6,36.5,0,0,0,70
2025-06-15,Samosa,6,6,34.0,0,0,0,27
2025-06-15,Veg Burger,6,6,34.0,0,0,0,15
2025-06-15,Masala Dosa,6,6,34.0,0,0,0,22
2025-06-15,Chole Bhature,6,6,34.0,0,0,0,20
2025-06-15,Veg Biryani,6,6,34.0,0,0,0,15
2025-06-15,Sandwich,6,6,34.0,0,0,0,18
2025-06-15,Tea,6,6,34.0,0,0,0,43
2025-06-15,Cold Coffee,6,6,34.0,0,0,0,27
2025-06-16,Samosa,0,6,38.1,0,0,0,101
2025-06-16,Veg Burger,0,6,38.1,0,0,0,71
2025-06-16,Masala Dosa,0,6,38.1,0,0,0,86
2025-06-16,Chole Bhature,0,6,38.1,0,0,0,75
2025-06-16,Veg Biryani,0,6,38.1,0,0,0,55
2025-06-16,Sandwich,0,6,38.1,0,0,0,74
2025-06-16,Tea,0,6,38.1,0,0,0,178
2025-06-16,Cold Coffee,0,6,38.1,0,0,0,111
2025-06-17,Samosa,1,6,33.0,0,0,0,112
2025-06-17,Veg Burger,1,6,33.0,0,0,0,75
2025-06-17,Masala Dosa,1,6,33.0,0,0,0,88
2025-06-17,Chole Bhature,1,6,33.0,0,0,0,77
2025-06-17,Veg Biryani,1,6,33.0,0,0,0,61
2025-06-17,Sandwich,1,6,33.0,0,0,0,80
2025-06-17,Tea,1,6,33.0,0,0,0,214
2025-06-17,Cold Coffee,1,6,33.0,0,0,0,109
2025-06-18,Samosa,2,6,38.3,0,0,0,115
2025-06-18,Veg Burger,2,6,38.3,0,0,0,74
2025-06-18,Masala Dosa,2,6,38.3,0,0,0,90
2025-06-18,Chole Bhature,2,6,38.3,0,0,0,102
2025-06-18,Veg Biryani,2,6,38.3,0,0,0,58
2025-06-18,Sandwich,2,6,38.3,0,0,0,70
2025-06-18,Tea,2,6,38.3,0,0,0,169
2025-06-18,Cold Coffee,2,6,38.3,0,0,0,112
2025-06-19,Samosa,3,6,37.3,1,0,0,178
2025-06-19,Veg Burger,3,6,37.3,1,0,0,70
2025-06-19,Masala Dosa,3,6,37.3,1,0,0,88
2025-06-19,Chole Bhature,3,6,37.3,1,0,0,74
2025-06-19,Veg Biryani,3,6,37.3,1,0,0,74
2025-06-19,Sandwich,3,6,37.3,1,0,0,69
2025-06-19,Tea,3,6,37.3,1,0,0,204
2025-06-19,Cold Coffee,3,6,37.3,1,0,0,96
2025-06-20,Samosa,4,6,37.2,0,0,0,129
2025-06-20,Veg Burger,4,6,37.2,0,0,0,66
2025-06-20,Masala Dosa,4,6,37.2,0,0,0,102
2025-06-20,Chole Bhature,4,6,37.2,0,0,0,83
2025-06-20,Veg Biryani,4,6,37.2,0,0,0,64
2025-06-20,Sandwich,4,6,37.2,0,0,0,88
2025-06-20,Tea,4,6,37.2,0,0,0,168
2025-06-20,Cold Coffee,4,6,37.2,0,0,0,123
2025-06-21,Samosa,5,6,35.5,0,0,0,65
2025-06-21,Veg Burger,5,6,35.5,0,0,0,36
2025-06-21,Masala Dosa,5,6,35.5,0,0,0,52
2025-06-21,Chole Bhature,5,6,35.5,0,0,0,46
2025-06-21,Veg Biryani,5,6,35.5,0,0,0,36
2025-06-21,Sandwich,5,6,35.5,0,0,0,41
2025-06-21,Tea,5,6,35.5,0,0,0,89
2025-06-21,Cold Coffee,5,6,35.5,0,0,0,53
2025-06-22,Samosa,6,6,37.6,1,0,0,40
2025-06-22,Veg Burger,6,6,37.6,1,0,0,17
2025-06-22,Masala Dosa,6,6,37.6,1,0,0,24
2025-06-22,Chole Bhature,6,6,37.6,1,0,0,19
2025-06-22,Veg Biryani,6,6,37.6,1,0,0,14
2025-06-22,Sandwich,6,6,37.6,1,0,0,16
2025-06-22,Tea,6,6,37.6,1,0,0,50
2025-06-22,Cold Coffee,6,6,37.6,1,0,0,22
2025-06-23,Samosa,0,6,35.2,1,0,0,136
2025-06-23,Veg Burger,0,6,35.2,1,0,0,81
2025-06-23,Masala Dosa,0,6,35.2,1,0,0,99
2025-06-23,Chole Bhature,0,6,35.2,1,0,0,75
2025-06-23,Veg Biryani,0,6,35.2,1,0,0,71
2025-06-23,Sandwich,0,6,35.2,1,0,0,78
2025-06-23,Tea,0,6,35.2,1,0,0,244
2025-06-23,Cold Coffee,0,6,35.2,1,0,0,82
2025-06-24,Samosa,1,6,38.2,1,0,0,149
2025-06-24,Veg Burger,1,6,38.2,1,0,0,72
2025-06-24,Masala Dosa,1,6,38.2,1,0,0,97
2025-06-24,Chole Bhature,1,6,38.2,1,0,0,82
2025-06-24,Veg Biryani,1,6,38.2,1,0,0,52
2025-06-24,Sandwich,1,6,38.2,1,0,0,88
2025-06-24,Tea,1,6,38.2,1,0,0,213
2025-06-24,Cold Coffee,1,6,38.2,1,0,0,100
2025-06-25,Samosa,2,6,35.2,1,0,0,138
2025-06-25,Veg Burger,2,6,35.2,1,0,0,63
2025-06-25,Masala Dosa,2,6,35.2,1,0,0,84
2025-06-25,Chole Bhature,2,6,35.2,1,0,0,97
2025-06-25,Veg Biryani,2,6,35.2,1,0,0,57
2025-06-25,Sandwich,2,6,35.2,1,0,0,79
2025-06-25,Tea,2,6,35.2,1,0,0,241
2025-06-25,Cold Coffee,2,6,35.2,1,0,0,92
2025-06-26,Samosa,3,6,39.2,0,0,0,124
2025-06-26,Veg Burger,3,6,39.2,0,0,0,76
2025-06-26,Masala Dosa,3,6,39.2,0,0,0,86
2025-06-26,Chole Bhature,3,6,39.2,0,0,0,84
2025-06-26,Veg Biryani,3,6,39.2,0,0,0,52
2025-06-26,Sandwich,3,6,39.2,0,0,0,71
2025-06-26,Tea,3,6,39.2,0,0,0,172
2025-06-26,Cold Coffee,3,6,39.2,0,0,0,119
2025-06-27,Samosa,4,6,32.3,0,0,0,121
2025-06-27,Veg Burger,4,6,32.3,0,0,0,74
2025-06-27,Masala Dosa,4,6,32.3,0,0,0,95
2025-06-27,Chole Bhature,4,6,32.3,0,0,0,82
2025-06-27,Veg Biryani,4,6,32.3,0,0,0,68
2025-06-27,Sandwich,4,6,32.3,0,0,0,73
2025-06-27,Tea,4,6,32.3,0,0,0,195
2025-06-27,Cold Coffee,4,6,32.3,0,0,0,104
2025-06-28,Samosa,5,6,35.5,1,0,0,93
2025-06-28,Veg Burger,5,6,35.5,1,0,0,34
2025-06-28,Masala Dosa,5,6,35.5,1,0,0,48
2025-06-28,Chole Bhature,5,6,35.5,1,0,0,47
2025-06-28,Veg Biryani,5,6,35.5,1,0,0,31
2025-06-28,Sandwich,5,6,35.5,1,0,0,48
2025-06-28,Tea,5,6,35.5,1,0,0,108
2025-06-28,Cold Coffee,5,6,35.5,1,0,0,48
2025-06-29,Samosa,6,6,34.7,1,0,0,34
2025-06-29,Veg Burger,6,6,34.7,1,0,0,17
2025-06-29,Masala Dosa,6,6,34.7,1,0,0,22
2025-06-29,Chole Bhature,6,6,34.7,1,0,0,21
2025-06-29,Veg Biryani,6,6,34.7,1,0,0,15
2025-06-29,Sandwich,6,6,34.7,1,0,0,17
2025-06-29,Tea,6,6,34.7,1,0,0,61
2025-06-29,Cold Coffee,6,6,34.7,1,0,0,22
2025-06-30,Samosa,0,6,36.4,0,0,0,120
2025-06-30,Veg Burger,0,6,36.4,0,0,0,61
2025-06-30,Masala Dosa,0,6,36.4,0,0,0,85
2025-06-30,Chole Bhature,0,6,36.4,0,0,0,68
2025-06-30,Veg Biryani,0,6,36.4,0,0,0,72
2025-06-30,Sandwich,0,6,36.4,0,0,0,82
2025-06-30,Tea,0,6,36.4,0,0,0,164
2025-06-30,Cold Coffee,0,6,36.4,0,0,0,104
2025-07-01,Samosa,1,7,33.0,1,0,0,150
2025-07-01,Veg Burger,1,7,33.0,1,0,0,66
2025-07-01,Masala Dosa,1,7,33.0,1,0,0,88
2025-07-01,Chole Bhature,1,7,33.0,1,0,0,85
2025-07-01,Veg Biryani,1,7,33.0,1,0,0,55
2025-07-01,Sandwich,1,7,33.0,1,0,0,78
2025-07-01,Tea,1,7,33.0,1,0,0,202
2025-07-01,Cold Coffee,1,7,33.0,1,0,0,78
2025-07-02,Samosa,2,7,34.3,0,0,0,136
2025-07-02,Veg Burger,2,7,34.3,0,0,0,69
2025-07-02,Masala Dosa,2,7,34.3,0,0,0,86
2025-07-02,Chole Bhature,2,7,34.3,0,0,0,101
2025-07-02,Veg Biryani,2,7,34.3,0,0,0,43
2025-07-02,Sandwich,2,7,34.3,0,0,0,82
2025-07-02,Tea,2,7,34.3,0,0,0,162
2025-07-02,Cold Coffee,2,7,34.3,0,0,0,110
2025-07-03,Samosa,3,7,35.6,0,0,0,115
2025-07-03,Veg Burger,3,7,35.6,0,0,0,75
2025-07-03,Masala Dosa,3,7,35.6,0,0,0,78
2025-07-03,Chole Bhature,3,7,35.6,0,0,0,74
2025-07-03,Veg Biryani,3,7,35.6,0,0,0,51
2025-07-03,Sandwich,3,7,35.6,0,0,0,73
2025-07-03,Tea,3,7,35.6,0,0,0,169
2025-07-03,Cold Coffee,3,7,35.6,0,0,0,112
2025-07-04,Samosa,4,7,35.1,1,0,0,144
2025-07-04,Veg Burger,4,7,35.1,1,0,0,69
2025-07-04,Masala Dosa,4,7,35.1,1,0,0,88
2025-07-04,Chole Bhature,4,7,35.1,1,0,0,64
2025-07-04,Veg Biryani,4,7,35.1,1,0,0,62
2025-07-04,Sandwich,4,7,35.1,1,0,0,79
2025-07-04,Tea,4,7,35.1,1,0,0,237
2025-07-04,Cold Coffee,4,7,35.1,1,0,0,74
2025-07-05,Samosa,5,7,33.3,1,0,0,78
2025-07-05,Veg Burger,5,7,33.3,1,0,0,38
2025-07-05,Masala Dosa,5,7,33.3,1,0,0,51
2025-07-05,Chole Bhature,5,7,33.3,1,0,0,47
2025-07-05,Veg Biryani,5,7,33.3,1,0,0,40
2025-07-05,Sandwich,5,7,33.3,1,0,0,34
2025-07-05,Tea,5,7,33.3,1,0,0,134
2025-07-05,Cold Coffee,5,7,33.3,1,0,0,43
2025-07-06,Samosa,6,7,33.8,0,0,0,29
2025-07-06,Veg Burger,6,7,33.8,0,0,0,18
2025-07-06,Masala Dosa,6,7,33.8,0,0,0,22
2025-07-06,Chole Bhature,6,7,33.8,0,0,0,20
2025-07-06,Veg Biryani,6,7,33.8,0,0,0,14
2025-07-06,Sandwich,6,7,33.8,0,0,0,18
2025-07-06,Tea,6,7,33.8,0,0,0,41
2025-07-06,Cold Coffee,6,7,33.8,0,0,0,24
2025-07-07,Samosa,0,7,35.7,0,0,0,107
2025-07-07,Veg Burger,0,7,35.7,0,0,0,58
2025-07-07,Masala Dosa,0,7,35.7,0,0,0,85
2025-07-07,Chole Bhature,0,7,35.7,0,0,0,81
2025-07-07,Veg Biryani,0,7,35.7,0,0,0,70
2025-07-07,Sandwich,0,7,35.7,0,0,0,76
2025-07-07,Tea,0,7,35.7,0,0,0,150
2025-07-07,Cold Coffee,0,7,35.7,0,0,0,118
2025-07-08,Samosa,1,7,35.4,1,0,0,165
2025-07-08,Veg Burger,1,7,35.4,1,0,0,70
2025-07-08,Masala Dosa,1,7,35.4,1,0,0,84
2025-07-08,Chole Bhature,1,7,35.4,1,0,0,75
2025-07-08,Veg Biryani,1,7,35.4,1,0,0,52
2025-07-08,Sandwich,1,7,35.4,1,0,0,77
2025-07-08,Tea,1,7,35.4,1,0,0,199
2025-07-08,Cold Coffee,1,7,35.4,1,0,0,88
2025-07-09,Samosa,2,7,36.1,1,0,0,137
2025-07-09,Veg Burger,2,7,36.1,1,0,0,76
2025-07-09,Masala Dosa,2,7,36.1,1,0,0,89
2025-07-09,Chole Bhature,2,7,36.1,1,0,0,105
2025-07-09,Veg Biryani,2,7,36.1,1,0,0,57
2025-07-09,Sandwich,2,7,36.1,1,0,0,72
2025-07-09,Tea,2,7,36.1,1,0,0,205
2025-07-09,Cold Coffee,2,7,36.1,1,0,0,96
2025-07-10,Samosa,3,7,33.5,1,0,0,164
2025-07-10,Veg Burger,3,7,33.5,1,0,0,74
2025-07-10,Masala Dosa,3,7,33.5,1,0,0,90
2025-07-10,Chole Bhature,3,7,33.5,1,0,0,74
2025-07-10,Veg Biryani,3,7,33.5,1,0,0,58
2025-07-10,Sandwich,3,7,33.5,1,0,0,57
2025-07-10,Tea,3,7,33.5,1,0,0,246
2025-07-10,Cold Coffee,3,7,33.5,1,0,0,82
2025-07-11,Samosa,4,7,30.1,0,0,0,113
2025-07-11,Veg Burger,4,7,30.1,0,0,0,60
2025-07-11,Masala Dosa,4,7,30.1,0,0,0,85
2025-07-11,Chole Bhature,4,7,30.1,0,0,0,76
2025-07-11,Veg Biryani,4,7,30.1,0,0,0,70
2025-07-11,Sandwich,4,7,30.1,0,0,0,73
2025-07-11,Tea,4,7,30.1,0,0,0,202
2025-07-11,Cold Coffee,4,7,30.1,0,0,0,88
2025-07-12,Samosa,5,7,34.8,1,0,0,94
2025-07-12,Veg Burger,5,7,34.8,1,0,0,36
2025-07-12,Masala Dosa,5,7,34.8,1,0,0,46
2025-07-12,Chole Bhature,5,7,34.8,1,0,0,43
2025-07-12,Veg Biryani,5,7,34.8,1,0,0,30
2025-07-12,Sandwich,5,7,34.8,1,0,0,42
2025-07-12,Tea,5,7,34.8,1,0,0,131
2025-07-12,Cold Coffee,5,7,34.8,1,0,0,50
2025-07-13,Samosa,6,7,34.7,1,0,0,40
2025-07-13,Veg Burger,6,7,34.7,1,0,0,16
2025-07-13,Masala Dosa,6,7,34.7,1,0,0,22
2025-07-13,Chole Bhature,6,7,34.7,1,0,0,20
2025-07-13,Veg Biryani,6,7,34.7,1,0,0,17
2025-07-13,Sandwich,6,7,34.7,1,0,0,17
2025-07-13,Tea,6,7,34.7,1,0,0,61
2025-07-13,Cold Coffee,6,7,34.7,1,0,0,24
2025-07-14,Samosa,0,7,33.7,1,0,0,153
2025-07-14,Veg Burger,0,7,33.7,1,0,0,59
2025-07-14,Masala Dosa,0,7,33.7,1,0,0,88
2025-07-14,Chole Bhature,0,7,33.7,1,0,0,80
2025-07-14,Veg Biryani,0,7,33.7,1,0,0,78
2025-07-14,Sandwich,0,7,33.7,1,0,0,81
2025-07-14,Tea,0,7,33.7,1,0,0,220
2025-07-14,Cold Coffee,0,7,33.7,1,0,0,86
2025-07-15,Samosa,1,7,36.6,1,0,0,175
2025-07-15,Veg Burger,1,7,36.6,1,0,0,72
2025-07-15,Masala Dosa,1,7,36.6,1,0,0,87
2025-07-15,Chole Bhature,1,7,36.6,1,0,0,77
2025-07-15,Veg Biryani,1,7,36.6,1,0,0,59
2025-07-15,Sandwich,1,7,36.6,1,0,0,85
2025-07-15,Tea,1,7,36.6,1,0,0,212
2025-07-15,Cold Coffee,1,7,36.6,1,0,0,91
2025-07-16,Samosa,2,7,34.0,0,0,0,131
2025-07-16,Veg Burger,2,7,34.0,0,0,0,77
2025-07-16,Masala Dosa,2,7,34.0,0,0,0,97
2025-07-16,Chole Bhature,2,7,34.0,0,0,0,96
2025-07-16,Veg Biryani,2,7,34.0,0,0,0,63
2025-07-16,Sandwich,2,7,34.0,0,0,0,78
2025-07-16,Tea,2,7,34.0,0,0,0,174
2025-07-16,Cold Coffee,2,7,34.0,0,0,0,94
2025-07-17,Samosa,3,7,36.9,1,0,0,151
2025-07-17,Veg Burger,3,7,36.9,1,0,0,76
2025-07-17,Masala Dosa,3,7,36.9,1,0,0,87
2025-07-17,Chole Bhature,3,7,36.9,1,0,0,93
2025-07-17,Veg Biryani,3,7,36.9,1,0,0,62
2025-07-17,Sandwich,3,7,36.9,1,0,0,67
2025-07-17,Tea,3,7,36.9,1,0,0,212
2025-07-17,Cold Coffee,3,7,36.9,1,0,0,87
2025-07-18,Samosa,4,7,30.5,0,0,0,135
2025-07-18,Veg Burger,4,7,30.5,0,0,0,73
2025-07-18,Masala Dosa,4,7,30.5,0,0,0,94
2025-07-18,Chole Bhature,4,7,30.5,0,0,0,85
2025-07-18,Veg Biryani,4,7,30.5,0,0,0,69
2025-07-18,Sandwich,4,7,30.5,0,0,0,77
2025-07-18,Tea,4,7,30.5,0,0,0,194
2025-07-18,Cold Coffee,4,7,30.5,0,0,0,89
2025-07-19,Samosa,5,7,31.4,0,0,0,65
2025-07-19,Veg Burger,5,7,31.4,0,0,0,38
2025-07-19,Masala Dosa,5,7,31.4,0,0,0,50
2025-07-19,Chole Bhature,5,7,31.4,0,0,0,47
2025-07-19,Veg Biryani,5,7,31.4,0,0,0,35
2025-07-19,Sandwich,5,7,31.4,0,0,0,42
2025-07-19,Tea,5,7,31.4,0,0,0,112
2025-07-19,Cold Coffee,5,7,31.4,0,0,0,47
2025-07-20,Samosa,6,7,35.9,1,0,0,41
2025-07-20,Veg Burger,6,7,35.9,1,0,0,18
2025-07-20,Masala Dosa,6,7,35.9,1,0,0,18
2025-07-20,Chole Bhature,6,7,35.9,1,0,0,19
2025-07-20,Veg Biryani,6,7,35.9,1,0,0,14
2025-07-20,Sandwich,6,7,35.9,1,0,0,18
2025-07-20,Tea,6,7,35.9,1,0,0,59
2025-07-20,Cold Coffee,6,7,35.9,1,0,0,22
2025-07-21,Samosa,0,7,32.1,0,0,0,118
2025-07-21,Veg Burger,0,7,32.1,0,0,0,69
2025-07-21,Masala Dosa,0,7,32.1,0,0,0,99
2025-07-21,Chole Bhature,0,7,32.1,0,0,0,75
2025-07-21,Veg Biryani,0,7,32.1,0,0,0,76
2025-07-21,Sandwich,0,7,32.1,0,0,0,76
2025-07-21,Tea,0,7,32.1,0,0,0,181
2025-07-21,Cold Coffee,0,7,32.1,0,0,0,119
2025-07-22,Samosa,1,7,32.8,0,0,0,117
2025-07-22,Veg Burger,1,7,32.8,0,0,0,74
2025-07-22,Masala Dosa,1,7,32.8,0,0,0,78
2025-07-22,Chole Bhature,1,7,32.8,0,0,0,71
2025-07-22,Veg Biryani,1,7,32.8,0,0,0,70
2025-07-22,Sandwich,1,7,32.8,0,0,0,72
2025-07-22,Tea,1,7,32.8,0,0,0,191
2025-07-22,Cold Coffee,1,7,32.8,0,0,0,115
2025-07-23,Samosa,2,7,30.3,0,0,0,115
2025-07-23,Veg Burger,2,7,30.3,0,0,0,77
2025-07-23,Masala Dosa,2,7,30.3,0,0,0,83
2025-07-23,Chole Bhature,2,7,30.3,0,0,0,99
2025-07-23,Veg Biryani,2,7,30.3,0,0,0,59
2025-07-23,Sandwich,2,7,30.3,0,0,0,79
2025-07-23,Tea,2,7,30.3,0,0,0,190
2025-07-23,Cold Coffee,2,7,30.3,0,0,0,82
2025-07-24,Samosa,3,7,35.1,0,0,0,130
2025-07-24,Veg Burger,3,7,35.1,0,0,0,60
2025-07-24,Masala Dosa,3,7,35.1,0,0,0,68
2025-07-24,Chole Bhature,3,7,35.1,0,0,0,81
2025-07-24,Veg Biryani,3,7,35.1,0,0,0,59
2025-07-24,Sandwich,3,7,35.1,0,0,0,77
2025-07-24,Tea,3,7,35.1,0,0,0,168
2025-07-24,Cold Coffee,3,7,35.1,0,0,0,127
2025-07-25,Samosa,4,7,35.4,0,0,0,123
2025-07-25,Veg Burger,4,7,35.4,0,0,0,64
2025-07-25,Masala Dosa,4,7,35.4,0,0,0,90
2025-07-25,Chole Bhature,4,7,35.4,0,0,0,77
2025-07-25,Veg Biryani,4,7,35.4,0,0,0,67
2025-07-25,Sandwich,4,7,35.4,0,0,0,73
2025-07-25,Tea,4,7,35.4,0,0,0,157
2025-07-25,Cold Coffee,4,7,35.4,0,0,0,93
2025-07-26,Samosa,5,7,33.6,0,0,0,67
2025-07-26,Veg Burger,5,7,33.6,0,0,0,39
2025-07-26,Masala Dosa,5,7,33.6,0,0,0,44
2025-07-26,Chole Bhature,5,7,33.6,0,0,0,47
2025-07-26,Veg Biryani,5,7,33.6,0,0,0,38
2025-07-26,Sandwich,5,7,33.6,0,0,0,38
2025-07-26,Tea,5,7,33.6,0,0,0,107
2025-07-26,Cold Coffee,5,7,33.6,0,0,0,55
2025-07-27,Samosa,6,7,37.9,0,0,0,33
2025-07-27,Veg Burger,6,7,37.9,0,0,0,20
2025-07-27,Masala Dosa,6,7,37.9,0,0,0,22
2025-07-27,Chole Bhature,6,7,37.9,0,0,0,20
2025-07-27,Veg Biryani,6,7,37.9,0,0,0,14
2025-07-27,Sandwich,6,7,37.9,0,0,0,19
2025-07-27,Tea,6,7,37.9,0,0,0,44
2025-07-27,Cold Coffee,6,7,37.9,0,0,0,26
2025-07-28,Samosa,0,7,35.7,1,0,0,153
2025-07-28,Veg Burger,0,7,35.7,1,0,0,62
2025-07-28,Masala Dosa,0,7,35.7,1,0,0,95
2025-07-28,Chole Bhature,0,7,35.7,1,0,0,83
2025-07-28,Veg Biryani,0,7,35.7,1,0,0,67
2025-07-28,Sandwich,0,7,35.7,1,0,0,85
2025-07-28,Tea,0,7,35.7,1,0,0,209
2025-07-28,Cold Coffee,0,7,35.7,1,0,0,88
2025-07-29,Samosa,1,7,36.5,1,0,0,167
2025-07-29,Veg Burger,1,7,36.5,1,0,0,70
2025-07-29,Masala Dosa,1,7,36.5,1,0,0,95
2025-07-29,Chole Bhature,1,7,36.5,1,0,0,91
2025-07-29,Veg Biryani,1,7,36.5,1,0,0,65
2025-07-29,Sandwich,1,7,36.5,1,0,0,76
2025-07-29,Tea,1,7,36.5,1,0,0,207
2025-07-29,Cold Coffee,1,7,36.5,1,0,0,73
2025-07-30,Samosa,2,7,34.6,1,0,0,152
2025-07-30,Veg Burger,2,7,34.6,1,0,0,70
2025-07-30,Masala Dosa,2,7,34.6,1,0,0,91
2025-07-30,Chole Bhature,2,7,34.6,1,0,0,111
2025-07-30,Veg Biryani,2,7,34.6,1,0,0,58
2025-07-30,Sandwich,2,7,34.6,1,0,0,75
2025-07-30,Tea,2,7,34.6,1,0,0,203
2025-07-30,Cold Coffee,2,7,34.6,1,0,0,90
2025-07-31,Samosa,3,7,35.7,0,0,0,112
2025-07-31,Veg Burger,3,7,35.7,0,0,0,72
2025-07-31,Masala Dosa,3,7,35.7,0,0,0,85
2025-07-31,Chole Bhature,3,7,35.7,0,0,0,86
2025-07-31,Veg Biryani,3,7,35.7,0,0,0,61
2025-07-31,Sandwich,3,7,35.7,0,0,0,77
2025-07-31,Tea,3,7,35.7,0,0,0,159
2025-07-31,Cold Coffee,3,7,35.7,0,0,0,117
2025-08-01,Samosa,4,8,36.2,0,0,0,110
2025-08-01,Veg Burger,4,8,36.2,0,0,0,68
2025-08-01,Masala Dosa,4,8,36.2,0,0,0,94
2025-08-01,Chole Bhature,4,8,36.2,0,0,0,80
2025-08-01,Veg Biryani,4,8,36.2,0,0,0,76
2025-08-01,Sandwich,4,8,36.2,0,0,0,63
2025-08-01,Tea,4,8,36.2,0,0,0,162
2025-08-01,Cold Coffee,4,8,36.2,0,0,0,127
2025-08-02,Samosa,5,8,33.1,1,0,0,96
2025-08-02,Veg Burger,5,8,33.1,1,0,0,41
2025-08-02,Masala Dosa,5,8,33.1,1,0,0,49
2025-08-02,Chole Bhature,5,8,33.1,1,0,0,44
2025-08-02,Veg Biryani,5,8,33.1,1,0,0,33
2025-08-02,Sandwich,5,8,33.1,1,0,0,45
2025-08-02,Tea,5,8,33.1,1,0,0,119
2025-08-02,Cold Coffee,5,8,33.1,1,0,0,42
2025-08-03,Samosa,6,8,34.0,1,0,0,39
2025-08-03,Veg Burger,6,8,34.0,1,0,0,17
2025-08-03,Masala Dosa,6,8,34.0,1,0,0,23
2025-08-03,Chole Bhature,6,8,34.0,1,0,0,20
2025-08-03,Veg Biryani,6,8,34.0,1,0,0,15
2025-08-03,Sandwich,6,8,34.0,1,0,0,18
2025-08-03,Tea,6,8,34.0,1,0,0,60
2025-08-03,Cold Coffee,6,8,34.0,1,0,0,18
2025-08-04,Samosa,0,8,32.0,1,0,0,165
2025-08-04,Veg Burger,0,8,32.0,1,0,0,74
2025-08-04,Masala Dosa,0,8,32.0,1,0,0,78
2025-08-04,Chole Bhature,0,8,32.0,1,0,0,89
2025-08-04,Veg Biryani,0,8,32.0,1,0,0,83
2025-08-04,Sandwich,0,8,32.0,1,0,0,75
2025-08-04,Tea,0,8,32.0,1,0,0,227
2025-08-04,Cold Coffee,0,8,32.0,1,0,0,97
2025-08-05,Samosa,1,8,29.4,0,0,0,120
2025-08-05,Veg Burger,1,8,29.4,0,0,0,64
2025-08-05,Masala Dosa,1,8,29.4,0,0,0,91
2025-08-05,Chole Bhature,1,8,29.4,0,0,0,79
2025-08-05,Veg Biryani,1,8,29.4,0,0,0,62
2025-08-05,Sandwich,1,8,29.4,0,0,0,75
2025-08-05,Tea,1,8,29.4,0,0,0,177
2025-08-05,Cold Coffee,1,8,29.4,0,0,0,86
2025-08-06,Samosa,2,8,30.5,1,0,0,172
2025-08-06,Veg Burger,2,8,30.5,1,0,0,67
2025-08-06,Masala Dosa,2,8,30.5,1,0,0,81
2025-08-06,Chole Bhature,2,8,30.5,1,0,0,95
2025-08-06,Veg Biryani,2,8,30.5,1,0,0,60
2025-08-06,Sandwich,2,8,30.5,1,0,0,65
2025-08-06,Tea,2,8,30.5,1,0,0,254
2025-08-06,Cold Coffee,2,8,30.5,1,0,0,69
2025-08-07,Samosa,3,8,35.4,0,0,0,125
2025-08-07,Veg Burger,3,8,35.4,0,0,0,67
2025-08-07,Masala Dosa,3,8,35.4,0,0,0,87
2025-08-07,Chole Bhature,3,8,35.4,0,0,0,84
2025-08-07,Veg Biryani,3,8,35.4,0,0,0,58
2025-08-07,Sandwich,3,8,35.4,0,0,0,74
2025-08-07,Tea,3,8,35.4,0,0,0,170
2025-08-07,Cold Coffee,3,8,35.4,0,0,0,105
2025-08-08,Samosa,4,8,31.9,0,0,0,117
2025-08-08,Veg Burger,4,8,31.9,0,0,0,58
2025-08-08,Masala Dosa,4,8,31.9,0,0,0,97
2025-08-08,Chole Bhature,4,8,31.9,0,0,0,82
2025-08-08,Veg Biryani,4,8,31.9,0,0,0,65
2025-08-08,Sandwich,4,8,31.9,0,0,0,86
2025-08-08,Tea,4,8,31.9,0,0,0,186
2025-08-08,Cold Coffee,4,8,31.9,0,0,0,90
2025-08-09,Samosa,5,8,33.7,1,0,0,89
2025-08-09,Veg Burger,5,8,33.7,1,0,0,40
2025-08-09,Masala Dosa,5,8,33.7,1,0,0,51
2025-08-09,Chole Bhature,5,8,33.7,1,0,0,43
2025-08-09,Veg Biryani,5,8,33.7,1,0,0,34
2025-08-09,Sandwich,5,8,33.7,1,0,0,40
2025-08-09,Tea,5,8,33.7,1,0,0,133
2025-08-09,Cold Coffee,5,8,33.7,1,0,0,44
2025-08-10,Samosa,6,8,32.1,1,0,0,38
2025-08-10,Veg Burger,6,8,32.1,1,0,0,20
2025-08-10,Masala Dosa,6,8,32.1,1,0,0,21
2025-08-10,Chole Bhature,6,8,32.1,1,0,0,19
2025-08-10,Veg Biryani,6,8,32.1,1,0,0,14
2025-08-10,Sandwich,6,8,32.1,1,0,0,17
2025-08-10,Tea,6,8,32.1,1,0,0,49
2025-08-10,Cold Coffee,6,8,32.1,1,0,0,19
2025-08-11,Samosa,0,8,32.3,0,0,0,119
2025-08-11,Veg Burger,0,8,32.3,0,0,0,70
2025-08-11,Masala Dosa,0,8,32.3,0,0,0,87
2025-08-11,Chole Bhature,0,8,32.3,0,0,0,78
2025-08-11,Veg Biryani,0,8,32.3,0,0,0,73
2025-08-11,Sandwich,0,8,32.3,0,0,0,76
2025-08-11,Tea,0,8,32.3,0,0,0,178
2025-08-11,Cold Coffee,0,8,32.3,0,0,0,110
2025-08-12,Samosa,1,8,35.9,1,0,0,160
2025-08-12,Veg Burger,1,8,35.9,1,0,0,64
2025-08-12,Masala Dosa,1,8,35.9,1,0,0,90
2025-08-12,Chole Bhature,1,8,35.9,1,0,0,71
2025-08-12,Veg Biryani,1,8,35.9,1,0,0,52
2025-08-12,Sandwich,1,8,35.9,1,0,0,77
2025-08-12,Tea,1,8,35.9,1,0,0,212
2025-08-12,Cold Coffee,1,8,35.9,1,0,0,91
2025-08-13,Samosa,2,8,32.0,1,0,0,144
2025-08-13,Veg Burger,2,8,32.0,1,0,0,57
2025-08-13,Masala Dosa,2,8,32.0,1,0,0,88
2025-08-13,Chole Bhature,2,8,32.0,1,0,0,89
2025-08-13,Veg Biryani,2,8,32.0,1,0,0,62
2025-08-13,Sandwich,2,8,32.0,1,0,0,65
2025-08-13,Tea,2,8,32.0,1,0,0,229
2025-08-13,Cold Coffee,2,8,32.0,1,0,0,85
2025-08-14,Samosa,3,8,30.6,1,0,0,156
2025-08-14,Veg Burger,3,8,30.6,1,0,0,73
2025-08-14,Masala Dosa,3,8,30.6,1,0,0,83
2025-08-14,Chole Bhature,3,8,30.6,1,0,0,71
2025-08-14,Veg Biryani,3,8,30.6,1,0,0,61
2025-08-14,Sandwich,3,8,30.6,1,0,0,73
2025-08-14,Tea,3,8,30.6,1,0,0,259
2025-08-14,Cold Coffee,3,8,30.6,1,0,0,75
2025-08-15,Samosa,4,8,32.4,0,0,1,31
2025-08-15,Veg Burger,4,8,32.4,0,0,1,20
2025-08-15,Masala Dosa,4,8,32.4,0,0,1,27
2025-08-15,Chole Bhature,4,8,32.4,0,0,1,23
2025-08-15,Veg Biryani,4,8,32.4,0,0,1,20
2025-08-15,Sandwich,4,8,32.4,0,0,1,21
2025-08-15,Tea,4,8,32.4,0,0,1,57
2025-08-15,Cold Coffee,4,8,32.4,0,0,1,27
2025-08-16,Samosa,5,8,32.7,0,0,0,66
2025-08-16,Veg Burger,5,8,32.7,0,0,0,41
2025-08-16,Masala Dosa,5,8,32.7,0,0,0,45
2025-08-16,Chole Bhature,5,8,32.7,0,0,0,42
2025-08-16,Veg Biryani,5,8,32.7,0,0,0,34
2025-08-16,Sandwich,5,8,32.7,0,0,0,48
2025-08-16,Tea,5,8,32.7,0,0,0,99
2025-08-16,Cold Coffee,5,8,32.7,0,0,0,58
2025-08-17,Samosa,6,8,31.8,0,0,0,35
2025-08-17,Veg Burger,6,8,31.8,0,0,0,17
2025-08-17,Masala Dosa,6,8,31.8,0,0,0,19
2025-08-17,Chole Bhature,6,8,31.8,0,0,0,23
2025-08-17,Veg Biryani,6,8,31.8,0,0,0,15
2025-08-17,Sandwich,6,8,31.8,0,0,0,18
2025-08-17,Tea,6,8,31.8,0,0,0,48
2025-08-17,Cold Coffee,6,8,31.8,0,0,0,24
2025-08-18,Samosa,0,8,30.8,0,0,0,125
2025-08-18,Veg Burger,0,8,30.8,0,0,0,66
2025-08-18,Masala Dosa,0,8,30.8,0,0,0,92
2025-08-18,Chole Bhature,0,8,30.8,0,0,0,78
2025-08-18,Veg Biryani,0,8,30.8,0,0,0,67
2025-08-18,Sandwich,0,8,30.8,0,0,0,86
2025-08-18,Tea,0,8,30.8,0,0,0,207
2025-08-18,Cold Coffee,0,8,30.8,0,0,0,96
2025-08-19,Samosa,1,8,27.4,0,0,0,117
2025-08-19,Veg Burger,1,8,27.4,0,0,0,63
2025-08-19,Masala Dosa,1,8,27.4,0,0,0,92
2025-08-19,Chole Bhature,1,8,27.4,0,0,0,82
2025-08-19,Veg Biryani,1,8,27.4,0,0,0,63
2025-08-19,Sandwich,1,8,27.4,0,0,0,70
2025-08-19,Tea,1,8,27.4,0,0,0,207
2025-08-19,Cold Coffee,1,8,27.4,0,0,0,77
2025-08-20,Samosa,2,8,32.5,1,0,0,126
2025-08-20,Veg Burger,2,8,32.5,1,0,0,74
2025-08-20,Masala Dosa,2,8,32.5,1,0,0,84
2025-08-20,Chole Bhature,2,8,32.5,1,0,0,97
2025-08-20,Veg Biryani,2,8,32.5,1,0,0,54
2025-08-20,Sandwich,2,8,32.5,1,0,0,73
2025-08-20,Tea,2,8,32.5,1,0,0,237
2025-08-20,Cold Coffee,2,8,32.5,1,0,0,82
2025-08-21,Samosa,3,8,29.8,1,0,0,171
2025-08-21,Veg Burger,3,8,29.8,1,0,0,80
2025-08-21,Masala Dosa,3,8,29.8,1,0,0,83
2025-08-21,Chole Bhature,3,8,29.8,1,0,0,69
2025-08-21,Veg Biryani,3,8,29.8,1,0,0,61
2025-08-21,Sandwich,3,8,29.8,1,0,0,77
2025-08-21,Tea,3,8,29.8,1,0,0,264
2025-08-21,Cold Coffee,3,8,29.8,1,0,0,77
2025-08-22,Samosa,4,8,35.5,1,0,0,141
2025-08-22,Veg Burger,4,8,35.5,1,0,0,67
2025-08-22,Masala Dosa,4,8,35.5,1,0,0,93
2025-08-22,Chole Bhature,4,8,35.5,1,0,0,72
2025-08-22,Veg Biryani,4,8,35.5,1,0,0,61
2025-08-22,Sandwich,4,8,35.5,1,0,0,62
2025-08-22,Tea,4,8,35.5,1,0,0,234
2025-08-22,Cold Coffee,4,8,35.5,1,0,0,85
2025-08-23,Samosa,5,8,37.9,1,0,0,79
2025-08-23,Veg Burger,5,8,37.9,1,0,0,36
2025-08-23,Masala Dosa,5,8,37.9,1,0,0,52
2025-08-23,Chole Bhature,5,8,37.9,1,0,0,41
2025-08-23,Veg Biryani,5,8,37.9,1,0,0,37
2025-08-23,Sandwich,5,8,37.9,1,0,0,38
2025-08-23,Tea,5,8,37.9,1,0,0,92
2025-08-23,Cold Coffee,5,8,37.9,1,0,0,49
2025-08-24,Samosa,6,8,31.5,1,0,0,43
2025-08-24,Veg Burger,6,8,31.5,1,0,0,19
2025-08-24,Masala Dosa,6,8,31.5,1,0,0,22
2025-08-24,Chole Bhature,6,8,31.5,1,0,0,17
2025-08-24,Veg Biryani,6,8,31.5,1,0,0,14
2025-08-24,Sandwich,6,8,31.5,1,0,0,18
2025-08-24,Tea,6,8,31.5,1,0,0,57
2025-08-24,Cold Coffee,6,8,31.5,1,0,0,18
2025-08-25,Samosa,0,8,30.7,0,0,0,116
2025-08-25,Veg Burger,0,8,30.7,0,0,0,62
2025-08-25,Masala Dosa,0,8,30.7,0,0,0,99
2025-08-25,Chole Bhature,0,8,30.7,0,0,0,83
2025-08-25,Veg Biryani,0,8,30.7,0,0,0,79
2025-08-25,Sandwich,0,8,30.7,0,0,0,80
2025-08-25,Tea,0,8,30.7,0,0,0,170
2025-08-25,Cold Coffee,0,8,30.7,0,0,0,95
2025-08-26,Samosa,1,8,30.0,1,0,0,164
2025-08-26,Veg Burger,1,8,30.0,1,0,0,62
2025-08-26,Masala Dosa,1,8,30.0,1,0,0,79
2025-08-26,Chole Bhature,1,8,30.0,1,0,0,91
2025-08-26,Veg Biryani,1,8,30.0,1,0,0,56
2025-08-26,Sandwich,1,8,30.0,1,0,0,70
2025-08-26,Tea,1,8,30.0,1,0,0,204
2025-08-26,Cold Coffee,1,8,30.0,1,0,0,71
2025-08-27,Samosa,2,8,31.5,1,0,0,165
2025-08-27,Veg Burger,2,8,31.5,1,0,0,76
2025-08-27,Masala Dosa,2,8,31.5,1,0,0,87
2025-08-27,Chole Bhature,2,8,31.5,1,0,0,105
2025-08-27,Veg Biryani,2,8,31.5,1,0,0,68
2025-08-27,Sandwich,2,8,31.5,1,0,0,81
2025-08-27,Tea,2,8,31.5,1,0,0,231
2025-08-27,Cold Coffee,2,8,31.5,1,0,0,62
2025-08-28,Samosa,3,8,32.6,0,0,0,119
2025-08-28,Veg Burger,3,8,32.6,0,0,0,76
2025-08-28,Masala Dosa,3,8,32.6,0,0,0,84
2025-08-28,Chole Bhature,3,8,32.6,0,0,0,78
2025-08-28,Veg Biryani,3,8,32.6,0,0,0,59
2025-08-28,Sandwich,3,8,32.6,0,0,0,58
2025-08-28,Tea,3,8,32.6,0,0,0,206
2025-08-28,Cold Coffee,3,8,32.6,0,0,0,93
2025-08-29,Samosa,4,8,33.0,0,0,0,119
2025-08-29,Veg Burger,4,8,33.0,0,0,0,69
2025-08-29,Masala Dosa,4,8,33.0,0,0,0,91
2025-08-29,Chole Bhature,4,8,33.0,0,0,0,69
2025-08-29,Veg Biryani,4,8,33.0,0,0,0,63
2025-08-29,Sandwich,4,8,33.0,0,0,0,82
2025-08-29,Tea,4,8,33.0,0,0,0,183
2025-08-29,Cold Coffee,4,8,33.0,0,0,0,99
2025-08-30,Samosa,5,8,33.0,0,0,0,73
2025-08-30,Veg Burger,5,8,33.0,0,0,0,39
2025-08-30,Masala Dosa,5,8,33.0,0,0,0,52
2025-08-30,Chole Bhature,5,8,33.0,0,0,0,44
2025-08-30,Veg Biryani,5,8,33.0,0,0,0,28
2025-08-30,Sandwich,5,8,33.0,0,0,0,38
2025-08-30,Tea,5,8,33.0,0,0,0,104
2025-08-30,Cold Coffee,5,8,33.0,0,0,0,57
2025-08-31,Samosa,6,8,34.4,1,0,0,40
2025-08-31,Veg Burger,6,8,34.4,1,0,0,19
2025-08-31,Masala Dosa,6,8,34.4,1,0,0,21
2025-08-31,Chole Bhature,6,8,34.4,1,0,0,20
2025-08-31,Veg Biryani,6,8,34.4,1,0,0,14
2025-08-31,Sandwich,6,8,34.4,1,0,0,23
2025-08-31,Tea,6,8,34.4,1,0,0,58
2025-08-31,Cold Coffee,6,8,34.4,1,0,0,20
2025-09-01,Samosa,0,9,30.6,0,0,0,132
2025-09-01,Veg Burger,0,9,30.6,0,0,0,82
2025-09-01,Masala Dosa,0,9,30.6,0,0,0,80
2025-09-01,Chole Bhature,0,9,30.6,0,0,0,85
2025-09-01,Veg Biryani,0,9,30.6,0,0,0,69
2025-09-01,Sandwich,0,9,30.6,0,0,0,66
2025-09-01,Tea,0,9,30.6,0,0,0,197
2025-09-01,Cold Coffee,0,9,30.6,0,0,0,100
2025-09-02,Samosa,1,9,26.8,1,0,0,171
2025-09-02,Veg Burger,1,9,26.8,1,0,0,63
2025-09-02,Masala Dosa,1,9,26.8,1,0,0,87
2025-09-02,Chole Bhature,1,9,26.8,1,0,0,81
2025-09-02,Veg Biryani,1,9,26.8,1,0,0,57
2025-09-02,Sandwich,1,9,26.8,1,0,0,79
2025-09-02,Tea,1,9,26.8,1,0,0,255
2025-09-02,Cold Coffee,1,9,26.8,1,0,0,66
2025-09-03,Samosa,2,9,28.2,1,0,0,150
2025-09-03,Veg Burger,2,9,28.2,1,0,0,82
2025-09-03,Masala Dosa,2,9,28.2,1,0,0,84
2025-09-03,Chole Bhature,2,9,28.2,1,0,0,112
2025-09-03,Veg Biryani,2,9,28.2,1,0,0,60
2025-09-03,Sandwich,2,9,28.2,1,0,0,67
2025-09-03,Tea,2,9,28.2,1,0,0,287
2025-09-03,Cold Coffee,2,9,28.2,1,0,0,69
2025-09-04,Samosa,3,9,29.7,1,0,0,171
2025-09-04,Veg Burger,3,9,29.7,1,0,0,70
2025-09-04,Masala Dosa,3,9,29.7,1,0,0,103
2025-09-04,Chole Bhature,3,9,29.7,1,0,0,79
2025-09-04,Veg Biryani,3,9,29.7,1,0,0,58
2025-09-04,Sandwich,3,9,29.7,1,0,0,68
2025-09-04,Tea,3,9,29.7,1,0,0,254
2025-09-04,Cold Coffee,3,9,29.7,1,0,0,74
2025-09-05,Samosa,4,9,25.6,0,0,0,122
2025-09-05,Veg Burger,4,9,25.6,0,0,0,73
2025-09-05,Masala Dosa,4,9,25.6,0,0,0,83
2025-09-05,Chole Bhature,4,9,25.6,0,0,0,90
2025-09-05,Veg Biryani,4,9,25.6,0,0,0,80
2025-09-05,Sandwich,4,9,25.6,0,0,0,77
2025-09-05,Tea,4,9,25.6,0,0,0,236
2025-09-05,Cold Coffee,4,9,25.6,0,0,0,73
2025-09-06,Samosa,5,9,26.4,1,0,0,86
2025-09-06,Veg Burger,5,9,26.4,1,0,0,40
2025-09-06,Masala Dosa,5,9,26.4,1,0,0,52
2025-09-06,Chole Bhature,5,9,26.4,1,0,0,47
2025-09-06,Veg Biryani,5,9,26.4,1,0,0,30
2025-09-06,Sandwich,5,9,26.4,1,0,0,42
2025-09-06,Tea,5,9,26.4,1,0,0,133
2025-09-06,Cold Coffee,5,9,26.4,1,0,0,34
2025-09-07,Samosa,6,9,29.3,0,0,0,31
2025-09-07,Veg Burger,6,9,29.3,0,0,0,16
2025-09-07,Masala Dosa,6,9,29.3,0,0,0,20
2025-09-07,Chole Bhature,6,9,29.3,0,0,0,19
2025-09-07,Veg Biryani,6,9,29.3,0,0,0,14
2025-09-07,Sandwich,6,9,29.3,0,0,0,18
2025-09-07,Tea,6,9,29.3,0,0,0,48
2025-09-07,Cold Coffee,6,9,29.3,0,0,0,24
2025-09-08,Samosa,0,9,27.4,1,0,0,136
2025-09-08,Veg Burger,0,9,27.4,1,0,0,76
2025-09-08,Masala Dosa,0,9,27.4,1,0,0,89
2025-09-08,Chole Bhature,0,9,27.4,1,0,0,72
2025-09-08,Veg Biryani,0,9,27.4,1,0,0,70
2025-09-08,Sandwich,0,9,27.4,1,0,0,76
2025-09-08,Tea,0,9,27.4,1,0,0,304
2025-09-08,Cold Coffee,0,9,27.4,1,0,0,71
2025-09-09,Samosa,1,9,28.6,1,0,0,159
2025-09-09,Veg Burger,1,9,28.6,1,0,0,72
2025-09-09,Masala Dosa,1,9,28.6,1,0,0,108
2025-09-09,Chole Bhature,1,9,28.6,1,0,0,78
2025-09-09,Veg Biryani,1,9,28.6,1,0,0,58
2025-09-09,Sandwich,1,9,28.6,1,0,0,76
2025-09-09,Tea,1,9,28.6,1,0,0,279
2025-09-09,Cold Coffee,1,9,28.6,1,0,0,61
2025-09-10,Samosa,2,9,24.1,1,0,0,149
2025-09-10,Veg Burger,2,9,24.1,1,0,0,66
2025-09-10,Masala Dosa,2,9,24.1,1,0,0,86
2025-09-10,Chole Bhature,2,9,24.1,1,0,0,97
2025-09-10,Veg Biryani,2,9,24.1,1,0,0,69
2025-09-10,Sandwich,2,9,24.1,1,0,0,71
2025-09-10,Tea,2,9,24.1,1,0,0,257
2025-09-10,Cold Coffee,2,9,24.1,1,0,0,54
2025-09-11,Samosa,3,9,28.3,1,0,0,166
2025-09-11,Veg Burger,3,9,28.3,1,0,0,75
2025-09-11,Masala Dosa,3,9,28.3,1,0,0,97
2025-09-11,Chole Bhature,3,9,28.3,1,0,0,88
2025-09-11,Veg Biryani,3,9,28.3,1,0,0,71
2025-09-11,Sandwich,3,9,28.3,1,0,0,73
2025-09-11,Tea,3,9,28.3,1,0,0,261
2025-09-11,Cold Coffee,3,9,28.3,1,0,0,67
2025-09-12,Samosa,4,9,28.0,1,0,0,175
2025-09-12,Veg Burger,4,9,28.0,1,0,0,75
2025-09-12,Masala Dosa,4,9,28.0,1,0,0,80
2025-09-12,Chole Bhature,4,9,28.0,1,0,0,85
2025-09-12,Veg Biryani,4,9,28.0,1,0,0,71
2025-09-12,Sandwich,4,9,28.0,1,0,0,82
2025-09-12,Tea,4,9,28.0,1,0,0,246
2025-09-12,Cold Coffee,4,9,28.0,1,0,0,73
2025-09-13,Samosa,5,9,28.3,0,0,0,80
2025-09-13,Veg Burger,5,9,28.3,0,0,0,40
2025-09-13,Masala Dosa,5,9,28.3,0,0,0,50
2025-09-13,Chole Bhature,5,9,28.3,0,0,0,47
2025-09-13,Veg Biryani,5,9,28.3,0,0,0,32
2025-09-13,Sandwich,5,9,28.3,0,0,0,49
2025-09-13,Tea,5,9,28.3,0,0,0,111
2025-09-13,Cold Coffee,5,9,28.3,0,0,0,46
2025-09-14,Samosa,6,9,26.3,1,0,0,42
2025-09-14,Veg Burger,6,9,26.3,1,0,0,17
2025-09-14,Masala Dosa,6,9,26.3,1,0,0,23
2025-09-14,Chole Bhature,6,9,26.3,1,0,0,21
2025-09-14,Veg Biryani,6,9,26.3,1,0,0,15
2025-09-14,Sandwich,6,9,26.3,1,0,0,17
2025-09-14,Tea,6,9,26.3,1,0,0,77
2025-09-14,Cold Coffee,6,9,26.3,1,0,0,14
2025-09-15,Samosa,0,9,30.6,1,0,0,139
2025-09-15,Veg Burger,0,9,30.6,1,0,0,77
2025-09-15,Masala Dosa,0,9,30.6,1,0,0,101
2025-09-15,Chole Bhature,0,9,30.6,1,0,0,82
2025-09-15,Veg Biryani,0,9,30.6,1,0,0,76
2025-09-15,Sandwich,0,9,30.6,1,0,0,76
2025-09-15,Tea,0,9,30.6,1,0,0,245
2025-09-15,Cold Coffee,0,9,30.6,1,0,0,73
2025-09-16,Samosa,1,9,27.4,1,0,0,137
2025-09-16,Veg Burger,1,9,27.4,1,0,0,69
2025-09-16,Masala Dosa,1,9,27.4,1,0,0,96
2025-09-16,Chole Bhature,1,9,27.4,1,0,0,80
2025-09-16,Veg Biryani,1,9,27.4,1,0,0,61
2025-09-16,Sandwich,1,9,27.4,1,0,0,77
2025-09-16,Tea,1,9,27.4,1,0,0,268
2025-09-16,Cold Coffee,1,9,27.4,1,0,0,70
2025-09-17,Samosa,2,9,27.8,0,0,0,109
2025-09-17,Veg Burger,2,9,27.8,0,0,0,70
2025-09-17,Masala Dosa,2,9,27.8,0,0,0,92
2025-09-17,Chole Bhature,2,9,27.8,0,0,0,90
2025-09-17,Veg Biryani,2,9,27.8,0,0,0,57
2025-09-17,Sandwich,2,9,27.8,0,0,0,76
2025-09-17,Tea,2,9,27.8,0,0,0,183
2025-09-17,Cold Coffee,2,9,27.8,0,0,0,87
2025-09-18,Samosa,3,9,26.2,0,0,0,130
2025-09-18,Veg Burger,3,9,26.2,0,0,0,63
2025-09-18,Masala Dosa,3,9,26.2,0,0,0,93
2025-09-18,Chole Bhature,3,9,26.2,0,0,0,74
2025-09-18,Veg Biryani,3,9,26.2,0,0,0,65
2025-09-18,Sandwich,3,9,26.2,0,0,0,69
2025-09-18,Tea,3,9,26.2,0,0,0,215
2025-09-18,Cold Coffee,3,9,26.2,0,0,0,74
2025-09-19,Samosa,4,9,28.8,1,0,0,166
2025-09-19,Veg Burger,4,9,28.8,1,0,0,65
2025-09-19,Masala Dosa,4,9,28.8,1,0,0,94
2025-09-19,Chole Bhature,4,9,28.8,1,0,0,78
2025-09-19,Veg Biryani,4,9,28.8,1,0,0,68
2025-09-19,Sandwich,4,9,28.8,1,0,0,76
2025-09-19,Tea,4,9,28.8,1,0,0,240
2025-09-19,Cold Coffee,4,9,28.8,1,0,0,71
2025-09-20,Samosa,5,9,31.1,0,0,0,62
2025-09-20,Veg Burger,5,9,31.1,0,0,0,34
2025-09-20,Masala Dosa,5,9,31.1,0,0,0,53
2025-09-20,Chole Bhature,5,9,31.1,0,0,0,41
2025-09-20,Veg Biryani,5,9,31.1,0,0,0,32
2025-09-20,Sandwich,5,9,31.1,0,0,0,41
2025-09-20,Tea,5,9,31.1,0,0,0,118
2025-09-20,Cold Coffee,5,9,31.1,0,0,0,48
2025-09-21,Samosa,6,9,29.7,1,0,0,42
2025-09-21,Veg Burger,6,9,29.7,1,0,0,17
2025-09-21,Masala Dosa,6,9,29.7,1,0,0,23
2025-09-21,Chole Bhature,6,9,29.7,1,0,0,22
2025-09-21,Veg Biryani,6,9,29.7,1,0,0,14
2025-09-21,Sandwich,6,9,29.7,1,0,0,19
2025-09-21,Tea,6,9,29.7,1,0,0,63
2025-09-21,Cold Coffee,6,9,29.7,1,0,0,19
2025-09-22,Samosa,0,9,29.2,1,0,0,153
2025-09-22,Veg Burger,0,9,29.2,1,0,0,77
2025-09-22,Masala Dosa,0,9,29.2,1,0,0,106
2025-09-22,Chole Bhature,0,9,29.2,1,0,0,78
2025-09-22,Veg Biryani,0,9,29.2,1,0,0,61
2025-09-22,Sandwich,0,9,29.2,1,0,0,83
2025-09-22,Tea,0,9,29.2,1,0,0,271
2025-09-22,Cold Coffee,0,9,29.2,1,0,0,68
2025-09-23,Samosa,1,9,26.8,1,0,0,165
2025-09-23,Veg Burger,1,9,26.8,1,0,0,73
2025-09-23,Masala Dosa,1,9,26.8,1,0,0,89
2025-09-23,Chole Bhature,1,9,26.8,1,0,0,74
2025-09-23,Veg Biryani,1,9,26.8,1,0,0,60
2025-09-23,Sandwich,1,9,26.8,1,0,0,66
2025-09-23,Tea,1,9,26.8,1,0,0,269
2025-09-23,Cold Coffee,1,9,26.8,1,0,0,69
2025-09-24,Samosa,2,9,25.5,1,0,0,137
2025-09-24,Veg Burger,2,9,25.5,1,0,0,68
2025-09-24,Masala Dosa,2,9,25.5,1,0,0,102
2025-09-24,Chole Bhature,2,9,25.5,1,0,0,101
2025-09-24,Veg Biryani,2,9,25.5,1,0,0,51
2025-09-24,Sandwich,2,9,25.5,1,0,0,67
2025-09-24,Tea,2,9,25.5,1,0,0,264
2025-09-24,Cold Coffee,2,9,25.5,1,0,0,72
2025-09-25,Samosa,3,9,26.1,0,0,0,129
2025-09-25,Veg Burger,3,9,26.1,0,0,0,68
2025-09-25,Masala Dosa,3,9,26.1,0,0,0,78
2025-09-25,Chole Bhature,3,9,26.1,0,0,0,92
2025-09-25,Veg Biryani,3,9,26.1,0,0,0,60
2025-09-25,Sandwich,3,9,26.1,0,0,0,71
2025-09-25,Tea,3,9,26.1,0,0,0,215
2025-09-25,Cold Coffee,3,9,26.1,0,0,0,86
2025-09-26,Samosa,4,9,28.0,1,0,0,172
2025-09-26,Veg Burger,4,9,28.0,1,0,0,75
2025-09-26,Masala Dosa,4,9,28.0,1,0,0,95
2025-09-26,Chole Bhature,4,9,28.0,1,0,0,80
2025-09-26,Veg Biryani,4,9,28.0,1,0,0,59
2025-09-26,Sandwich,4,9,28.0,1,0,0,64
2025-09-26,Tea,4,9,28.0,1,0,0,227
2025-09-26,Cold Coffee,4,9,28.0,1,0,0,65
2025-09-27,Samosa,5,9,27.2,1,0,0,82
2025-09-27,Veg Burger,5,9,27.2,1,0,0,35
2025-09-27,Masala Dosa,5,9,27.2,1,0,0,59
2025-09-27,Chole Bhature,5,9,27.2,1,0,0,51
2025-09-27,Veg Biryani,5,9,27.2,1,0,0,30
2025-09-27,Sandwich,5,9,27.2,1,0,0,46
2025-09-27,Tea,5,9,27.2,1,0,0,141
2025-09-27,Cold Coffee,5,9,27.2,1,0,0,37
2025-09-28,Samosa,6,9,27.9,0,0,0,28
2025-09-28,Veg Burger,6,9,27.9,0,0,0,17
2025-09-28,Masala Dosa,6,9,27.9,0,0,0,24
2025-09-28,Chole Bhature,6,9,27.9,0,0,0,17
2025-09-28,Veg Biryani,6,9,27.9,0,0,0,14
2025-09-28,Sandwich,6,9,27.9,0,0,0,17
2025-09-28,Tea,6,9,27.9,0,0,0,49
2025-09-28,Cold Coffee,6,9,27.9,0,0,0,24
2025-09-29,Samosa,0,9,28.0,1,0,0,171
2025-09-29,Veg Burger,0,9,28.0,1,0,0,70
2025-09-29,Masala Dosa,0,9,28.0,1,0,0,89
2025-09-29,Chole Bhature,0,9,28.0,1,0,0,92
2025-09-29,Veg Biryani,0,9,28.0,1,0,0,72
2025-09-29,Sandwich,0,9,28.0,1,0,0,73
2025-09-29,Tea,0,9,28.0,1,0,0,230
2025-09-29,Cold Coffee,0,9,28.0,1,0,0,70
2025-09-30,Samosa,1,9,29.7,1,0,0,148
2025-09-30,Veg Burger,1,9,29.7,1,0,0,67
2025-09-30,Masala Dosa,1,9,29.7,1,0,0,99
2025-09-30,Chole Bhature,1,9,29.7,1,0,0,87
2025-09-30,Veg Biryani,1,9,29.7,1,0,0,60
2025-09-30,Sandwich,1,9,29.7,1,0,0,81
2025-09-30,Tea,1,9,29.7,1,0,0,204
2025-09-30,Cold Coffee,1,9,29.7,1,0,0,77
2025-10-01,Samosa,2,10,21.8,0,0,0,118
2025-10-01,Veg Burger,2,10,21.8,0,0,0,65
2025-10-01,Masala Dosa,2,10,21.8,0,0,0,100
2025-10-01,Chole Bhature,2,10,21.8,0,0,0,103
2025-10-01,Veg Biryani,2,10,21.8,0,0,0,57
2025-10-01,Sandwich,2,10,21.8,0,0,0,78
2025-10-01,Tea,2,10,21.8,0,0,0,234
2025-10-01,Cold Coffee,2,10,21.8,0,0,0,67
2025-10-02,Samosa,3,10,20.6,0,0,1,39
2025-10-02,Veg Burger,3,10,20.6,0,0,1,21
2025-10-02,Masala Dosa,3,10,20.6,0,0,1,25
2025-10-02,Chole Bhature,3,10,20.6,0,0,1,21
2025-10-02,Veg Biryani,3,10,20.6,0,0,1,20
2025-10-02,Sandwich,3,10,20.6,0,0,1,18
2025-10-02,Tea,3,10,20.6,0,0,1,67
2025-10-02,Cold Coffee,3,10,20.6,0,0,1,19
2025-10-03,Samosa,4,10,24.5,0,0,0,110
2025-10-03,Veg Burger,4,10,24.5,0,0,0,68
2025-10-03,Masala Dosa,4,10,24.5,0,0,0,100
2025-10-03,Chole Bhature,4,10,24.5,0,0,0,85
2025-10-03,Veg Biryani,4,10,24.5,0,0,0,68
2025-10-03,Sandwich,4,10,24.5,0,0,0,77
2025-10-03,Tea,4,10,24.5,0,0,0,204
2025-10-03,Cold Coffee,4,10,24.5,0,0,0,74
2025-10-04,Samosa,5,10,24.1,0,0,0,71
2025-10-04,Veg Burger,5,10,24.1,0,0,0,38
2025-10-04,Masala Dosa,5,10,24.1,0,0,0,51
2025-10-04,Chole Bhature,5,10,24.1,0,0,0,41
2025-10-04,Veg Biryani,5,10,24.1,0,0,0,32
2025-10-04,Sandwich,5,10,24.1,0,0,0,49
2025-10-04,Tea,5,10,24.1,0,0,0,111
2025-10-04,Cold Coffee,5,10,24.1,0,0,0,39
2025-10-05,Samosa,6,10,23.1,0,0,0,27
2025-10-05,Veg Burger,6,10,23.1,0,0,0,18
2025-10-05,Masala Dosa,6,10,23.1,0,0,0,23
2025-10-05,Chole Bhature,6,10,23.1,0,0,0,20
2025-10-05,Veg Biryani,6,10,23.1,0,0,0,16
2025-10-05,Sandwich,6,10,23.1,0,0,0,20
2025-10-05,Tea,6,10,23.1,0,0,0,52
2025-10-05,Cold Coffee,6,10,23.1,0,0,0,16
2025-10-06,Samosa,0,10,21.9,0,0,0,127
2025-10-06,Veg Burger,0,10,21.9,0,0,0,74
2025-10-06,Masala Dosa,0,10,21.9,0,0,0,95
2025-10-06,Chole Bhature,0,10,21.9,0,0,0,89
2025-10-06,Veg Biryani,0,10,21.9,0,0,0,68
2025-10-06,Sandwich,0,10,21.9,0,0,0,78
2025-10-06,Tea,0,10,21.9,0,0,0,242
2025-10-06,Cold Coffee,0,10,21.9,0,0,0,60
2025-10-07,Samosa,1,10,22.2,0,0,0,117
2025-10-07,Veg Burger,1,10,22.2,0,0,0,67
2025-10-07,Masala Dosa,1,10,22.2,0,0,0,88
2025-10-07,Chole Bhature,1,10,22.2,0,0,0,71
2025-10-07,Veg Biryani,1,10,22.2,0,0,0,65
2025-10-07,Sandwich,1,10,22.2,0,0,0,82
2025-10-07,Tea,1,10,22.2,0,0,0,188
2025-10-07,Cold Coffee,1,10,22.2,0,0,0,70
2025-10-08,Samosa,2,10,22.4,0,0,0,128
2025-10-08,Veg Burger,2,10,22.4,0,0,0,82
2025-10-08,Masala Dosa,2,10,22.4,0,0,0,84
2025-10-08,Chole Bhature,2,10,22.4,0,0,0,101
2025-10-08,Veg Biryani,2,10,22.4,0,0,0,55
2025-10-08,Sandwich,2,10,22.4,0,0,0,74
2025-10-08,Tea,2,10,22.4,0,0,0,250
2025-10-08,Cold Coffee,2,10,22.4,0,0,0,62
2025-10-09,Samosa,3,10,28.4,0,0,0,132
2025-10-09,Veg Burger,3,10,28.4,0,0,0,70
2025-10-09,Masala Dosa,3,10,28.4,0,0,0,87
2025-10-09,Chole Bhature,3,10,28.4,0,0,0,88
2025-10-09,Veg Biryani,3,10,28.4,0,0,0,58
2025-10-09,Sandwich,3,10,28.4,0,0,0,67
2025-10-09,Tea,3,10,28.4,0,0,0,190
2025-10-09,Cold Coffee,3,10,28.4,0,0,0,91
2025-10-10,Samosa,4,10,26.8,0,0,0,121
2025-10-10,Veg Burger,4,10,26.8,0,0,0,63
2025-10-10,Masala Dosa,4,10,26.8,0,0,0,95
2025-10-10,Chole Bhature,4,10,26.8,0,0,0,81
2025-10-10,Veg Biryani,4,10,26.8,0,0,0,68
2025-10-10,Sandwich,4,10,26.8,0,0,0,73
2025-10-10,Tea,4,10,26.8,0,0,0,197
2025-10-10,Cold Coffee,4,10,26.8,0,0,0,78
2025-10-11,Samosa,5,10,25.9,0,0,0,61
2025-10-11,Veg Burger,5,10,25.9,0,0,0,38
2025-10-11,Masala Dosa,5,10,25.9,0,0,0,49
2025-10-11,Chole Bhature,5,10,25.9,0,0,0,43
2025-10-11,Veg Biryani,5,10,25.9,0,0,0,33
2025-10-11,Sandwich,5,10,25.9,0,0,0,41
2025-10-11,Tea,5,10,25.9,0,0,0,111
2025-10-11,Cold Coffee,5,10,25.9,0,0,0,47
2025-10-12,Samosa,6,10,21.7,0,0,0,28
2025-10-12,Veg Burger,6,10,21.7,0,0,0,20
2025-10-12,Masala Dosa,6,10,21.7,0,0,0,24
2025-10-12,Chole Bhature,6,10,21.7,0,0,0,20
2025-10-12,Veg Biryani,6,10,21.7,0,0,0,15
2025-10-12,Sandwich,6,10,21.7,0,0,0,18
2025-10-12,Tea,6,10,21.7,0,0,0,47
2025-10-12,Cold Coffee,6,10,21.7,0,0,0,14
2025-10-13,Samosa,0,10,27.8,0,0,0,129
2025-10-13,Veg Burger,0,10,27.8,0,0,0,76
2025-10-13,Masala Dosa,0,10,27.8,0,0,0,86
2025-10-13,Chole Bhature,0,10,27.8,0,0,0,84
2025-10-13,Veg Biryani,0,10,27.8,0,0,0,77
2025-10-13,Sandwich,0,10,27.8,0,0,0,86
2025-10-13,Tea,0,10,27.8,0,0,0,197
2025-10-13,Cold Coffee,0,10,27.8,0,0,0,69
2025-10-14,Samosa,1,10,22.4,0,0,0,116
2025-10-14,Veg Burger,1,10,22.4,0,0,0,72
2025-10-14,Masala Dosa,1,10,22.4,0,0,0,85
2025-10-14,Chole Bhature,1,10,22.4,0,0,0,83
2025-10-14,Veg Biryani,1,10,22.4,0,0,0,61
2025-10-14,Sandwich,1,10,22.4,0,0,0,88
2025-10-14,Tea,1,10,22.4,0,0,0,198
2025-10-14,Cold Coffee,1,10,22.4,0,0,0,66
2025-10-15,Samosa,2,10,24.9,0,0,0,140
2025-10-15,Veg Burger,2,10,24.9,0,0,0,62
2025-10-15,Masala Dosa,2,10,24.9,0,0,0,86
2025-10-15,Chole Bhature,2,10,24.9,0,0,0,95
2025-10-15,Veg Biryani,2,10,24.9,0,0,0,62
2025-10-15,Sandwich,2,10,24.9,0,0,0,83
2025-10-15,Tea,2,10,24.9,0,0,0,212
2025-10-15,Cold Coffee,2,10,24.9,0,0,0,66
2025-10-16,Samosa,3,10,25.7,0,0,0,127
2025-10-16,Veg Burger,3,10,25.7,0,0,0,65
2025-10-16,Masala Dosa,3,10,25.7,0,0,0,102
2025-10-16,Chole Bhature,3,10,25.7,0,0,0,86
2025-10-16,Veg Biryani,3,10,25.7,0,0,0,56
2025-10-16,Sandwich,3,10,25.7,0,0,0,71
2025-10-16,Tea,3,10,25.7,0,0,0,200
2025-10-16,Cold Coffee,3,10,25.7,0,0,0,66
2025-10-17,Samosa,4,10,24.5,0,0,0,123
2025-10-17,Veg Burger,4,10,24.5,0,0,0,65
2025-10-17,Masala Dosa,4,10,24.5,0,0,0,87
2025-10-17,Chole Bhature,4,10,24.5,0,0,0,83
2025-10-17,Veg Biryani,4,10,24.5,0,0,0,72
2025-10-17,Sandwich,4,10,24.5,0,0,0,83
2025-10-17,Tea,4,10,24.5,0,0,0,213
2025-10-17,Cold Coffee,4,10,24.5,0,0,0,75
2025-10-18,Samosa,5,10,23.1,0,0,0,67
2025-10-18,Veg Burger,5,10,23.1,0,0,0,39
2025-10-18,Masala Dosa,5,10,23.1,0,0,0,52
2025-10-18,Chole Bhature,5,10,23.1,0,0,0,42
2025-10-18,Veg Biryani,5,10,23.1,0,0,0,32
2025-10-18,Sandwich,5,10,23.1,0,0,0,44
2025-10-18,Tea,5,10,23.1,0,0,0,134
2025-10-18,Cold Coffee,5,10,23.1,0,0,0,39
2025-10-19,Samosa,6,10,23.7,1,0,0,41
2025-10-19,Veg Burger,6,10,23.7,1,0,0,17
2025-10-19,Masala Dosa,6,10,23.7,1,0,0,20
2025-10-19,Chole Bhature,6,10,23.7,1,0,0,19
2025-10-19,Veg Biryani,6,10,23.7,1,0,0,17
2025-10-19,Sandwich,6,10,23.7,1,0,0,19
2025-10-19,Tea,6,10,23.7,1,0,0,67
2025-10-19,Cold Coffee,6,10,23.7,1,0,0,15
2025-10-20,Samosa,0,10,22.4,0,0,0,134
2025-10-20,Veg Burger,0,10,22.4,0,0,0,69
2025-10-20,Masala Dosa,0,10,22.4,0,0,0,83
2025-10-20,Chole Bhature,0,10,22.4,0,0,0,65
2025-10-20,Veg Biryani,0,10,22.4,0,0,0,67
2025-10-20,Sandwich,0,10,22.4,0,0,0,72
2025-10-20,Tea,0,10,22.4,0,0,0,220
2025-10-20,Cold Coffee,0,10,22.4,0,0,0,63
2025-10-21,Samosa,1,10,27.7,0,0,0,125
2025-10-21,Veg Burger,1,10,27.7,0,0,0,73
2025-10-21,Masala Dosa,1,10,27.7,0,0,0,76
2025-10-21,Chole Bhature,1,10,27.7,0,0,0,79
2025-10-21,Veg Biryani,1,10,27.7,0,0,0,53
2025-10-21,Sandwich,1,10,27.7,0,0,0,80
2025-10-21,Tea,1,10,27.7,0,0,0,214
2025-10-21,Cold Coffee,1,10,27.7,0,0,0,78
2025-10-22,Samosa,2,10,22.5,0,0,0,116
2025-10-22,Veg Burger,2,10,22.5,0,0,0,70
2025-10-22,Masala Dosa,2,10,22.5,0,0,0,95
2025-10-22,Chole Bhature,2,10,22.5,0,0,0,103
2025-10-22,Veg Biryani,2,10,22.5,0,0,0,58
2025-10-22,Sandwich,2,10,22.5,0,0,0,65
2025-10-22,Tea,2,10,22.5,0,0,0,204
2025-10-22,Cold Coffee,2,10,22.5,0,0,0,64
2025-10-23,Samosa,3,10,21.5,0,0,0,109
2025-10-23,Veg Burger,3,10,21.5,0,0,0,76
2025-10-23,Masala Dosa,3,10,21.5,0,0,0,85
2025-10-23,Chole Bhature,3,10,21.5,0,0,0,81
2025-10-23,Veg Biryani,3,10,21.5,0,0,0,58
2025-10-23,Sandwich,3,10,21.5,0,0,0,67
2025-10-23,Tea,3,10,21.5,0,0,0,223
2025-10-23,Cold Coffee,3,10,21.5,0,0,0,66
2025-10-24,Samosa,4,10,21.6,0,0,1,38
2025-10-24,Veg Burger,4,10,21.6,0,0,1,21
2025-10-24,Masala Dosa,4,10,21.6,0,0,1,26
2025-10-24,Chole Bhature,4,10,21.6,0,0,1,23
2025-10-24,Veg Biryani,4,10,21.6,0,0,1,20
2025-10-24,Sandwich,4,10,21.6,0,0,1,19
2025-10-24,Tea,4,10,21.6,0,0,1,73
2025-10-24,Cold Coffee,4,10,21.6,0,0,1,23
2025-10-25,Samosa,5,10,24.6,0,0,0,71
2025-10-25,Veg Burger,5,10,24.6,0,0,0,36
2025-10-25,Masala Dosa,5,10,24.6,0,0,0,49
2025-10-25,Chole Bhature,5,10,24.6,0,0,0,45
2025-10-25,Veg Biryani,5,10,24.6,0,0,0,35
2025-10-25,Sandwich,5,10,24.6,0,0,0,35
2025-10-25,Tea,5,10,24.6,0,0,0,109
2025-10-25,Cold Coffee,5,10,24.6,0,0,0,39
2025-10-26,Samosa,6,10,25.4,0,0,0,36
2025-10-26,Veg Burger,6,10,25.4,0,0,0,19
2025-10-26,Masala Dosa,6,10,25.4,0,0,0,22
2025-10-26,Chole Bhature,6,10,25.4,0,0,0,19
2025-10-26,Veg Biryani,6,10,25.4,0,0,0,15
2025-10-26,Sandwich,6,10,25.4,0,0,0,21
2025-10-26,Tea,6,10,25.4,0,0,0,54
2025-10-26,Cold Coffee,6,10,25.4,0,0,0,20
2025-10-27,Samosa,0,10,26.4,0,0,0,130
2025-10-27,Veg Burger,0,10,26.4,0,0,0,77
2025-10-27,Masala Dosa,0,10,26.4,0,0,0,90
2025-10-27,Chole Bhature,0,10,26.4,0,0,0,78
2025-10-27,Veg Biryani,0,10,26.4,0,0,0,76
2025-10-27,Sandwich,0,10,26.4,0,0,0,68
2025-10-27,Tea,0,10,26.4,0,0,0,214
2025-10-27,Cold Coffee,0,10,26.4,0,0,0,71
2025-10-28,Samosa,1,10,26.1,0,0,0,118
2025-10-28,Veg Burger,1,10,26.1,0,0,0,70
2025-10-28,Masala Dosa,1,10,26.1,0,0,0,92
2025-10-28,Chole Bhature,1,10,26.1,0,0,0,84
2025-10-28,Veg Biryani,1,10,26.1,0,0,0,57
2025-10-28,Sandwich,1,10,26.1,0,0,0,83
2025-10-28,Tea,1,10,26.1,0,0,0,181
2025-10-28,Cold Coffee,1,10,26.1,0,0,0,72
2025-10-29,Samosa,2,10,26.6,0,0,0,121
2025-10-29,Veg Burger,2,10,26.6,0,0,0,66
2025-10-29,Masala Dosa,2,10,26.6,0,0,0,102
2025-10-29,Chole Bhature,2,10,26.6,0,0,0,97
2025-10-29,Veg Biryani,2,10,26.6,0,0,0,47
2025-10-29,Sandwich,2,10,26.6,0,0,0,77
2025-10-29,Tea,2,10,26.6,0,0,0,200
2025-10-29,Cold Coffee,2,10,26.6,0,0,0,80
2025-10-30,Samosa,3,10,23.3,0,0,0,128
2025-10-30,Veg Burger,3,10,23.3,0,0,0,69
2025-10-30,Masala Dosa,3,10,23.3,0,0,0,98
2025-10-30,Chole Bhature,3,10,23.3,0,0,0,83
2025-10-30,Veg Biryani,3,10,23.3,0,0,0,60
2025-10-30,Sandwich,3,10,23.3,0,0,0,72
2025-10-30,Tea,3,10,23.3,0,0,0,222
2025-10-30,Cold Coffee,3,10,23.3,0,0,0,72
2025-10-31,Samosa,4,10,22.7,0,0,0,135
2025-10-31,Veg Burger,4,10,22.7,0,0,0,77
2025-10-31,Masala Dosa,4,10,22.7,0,0,0,85
2025-10-31,Chole Bhature,4,10,22.7,0,0,0,85
2025-10-31,Veg Biryani,4,10,22.7,0,0,0,64
2025-10-31,Sandwich,4,10,22.7,0,0,0,79
2025-10-31,Tea,4,10,22.7,0,0,0,212
2025-10-31,Cold Coffee,4,10,22.7,0,0,0,61
2025-11-01,Samosa,5,11,21.6,0,1,1,14
2025-11-01,Veg Burger,5,11,21.6,0,1,1,9
2025-11-01,Masala Dosa,5,11,21.6,0,1,1,15
2025-11-01,Chole Bhature,5,11,21.6,0,1,1,13
2025-11-01,Veg Biryani,5,11,21.6,0,1,1,9
2025-11-01,Sandwich,5,11,21.6,0,1,1,12
2025-11-01,Tea,5,11,21.6,0,1,1,46
2025-11-01,Cold Coffee,5,11,21.6,0,1,1,10
2025-11-02,Samosa,6,11,21.0,0,1,0,26
2025-11-02,Veg Burger,6,11,21.0,0,1,0,14
2025-11-02,Masala Dosa,6,11,21.0,0,1,0,20
2025-11-02,Chole Bhature,6,11,21.0,0,1,0,20
2025-11-02,Veg Biryani,6,11,21.0,0,1,0,14
2025-11-02,Sandwich,6,11,21.0,0,1,0,19
2025-11-02,Tea,6,11,21.0,0,1,0,67
2025-11-02,Cold Coffee,6,11,21.0,0,1,0,17
2025-11-03,Samosa,0,11,20.7,0,1,0,121
2025-11-03,Veg Burger,0,11,20.7,0,1,0,48
2025-11-03,Masala Dosa,0,11,20.7,0,1,0,74
2025-11-03,Chole Bhature,0,11,20.7,0,1,0,75
2025-11-03,Veg Biryani,0,11,20.7,0,1,0,65
2025-11-03,Sandwich,0,11,20.7,0,1,0,61
2025-11-03,Tea,0,11,20.7,0,1,0,280
2025-11-03,Cold Coffee,0,11,20.7,0,1,0,63
2025-11-04,Samosa,1,11,21.0,0,1,0,127
2025-11-04,Veg Burger,1,11,21.0,0,1,0,61
2025-11-04,Masala Dosa,1,11,21.0,0,1,0,82
2025-11-04,Chole Bhature,1,11,21.0,0,1,0,79
2025-11-04,Veg Biryani,1,11,21.0,0,1,0,51
2025-11-04,Sandwich,1,11,21.0,0,1,0,62
2025-11-04,Tea,1,11,21.0,0,1,0,279
2025-11-04,Cold Coffee,1,11,21.0,0,1,0,52
2025-11-05,Samosa,2,11,20.5,0,1,0,110
2025-11-05,Veg Burger,2,11,20.5,0,1,0,68
2025-11-05,Masala Dosa,2,11,20.5,0,1,0,63
2025-11-05,Chole Bhature,2,11,20.5,0,1,0,84
2025-11-05,Veg Biryani,2,11,20.5,0,1,0,61
2025-11-05,Sandwich,2,11,20.5,0,1,0,70
2025-11-05,Tea,2,11,20.5,0,1,0,304
2025-11-05,Cold Coffee,2,11,20.5,0,1,0,50
2025-11-06,Samosa,3,11,18.6,0,1,0,92
2025-11-06,Veg Burger,3,11,18.6,0,1,0,70
2025-11-06,Masala Dosa,3,11,18.6,0,1,0,78
2025-11-06,Chole Bhature,3,11,18.6,0,1,0,68
2025-11-06,Veg Biryani,3,11,18.6,0,1,0,46
2025-11-06,Sandwich,3,11,18.6,0,1,0,77
2025-11-06,Tea,3,11,18.6,0,1,0,256
2025-11-06,Cold Coffee,3,11,18.6,0,1,0,53
2025-11-07,Samosa,4,11,22.9,0,1,0,112
2025-11-07,Veg Burger,4,11,22.9,0,1,0,65
2025-11-07,Masala Dosa,4,11,22.9,0,1,0,81
2025-11-07,Chole Bhature,4,11,22.9,0,1,0,78
2025-11-07,Veg Biryani,4,11,22.9,0,1,0,54
2025-11-07,Sandwich,4,11,22.9,0,1,0,69
2025-11-07,Tea,4,11,22.9,0,1,0,248
2025-11-07,Cold Coffee,4,11,22.9,0,1,0,73
2025-11-08,Samosa,5,11,22.4,0,1,0,54
2025-11-08,Veg Burger,5,11,22.4,0,1,0,41
2025-11-08,Masala Dosa,5,11,22.4,0,1,0,47
2025-11-08,Chole Bhature,5,11,22.4,0,1,0,40
2025-11-08,Veg Biryani,5,11,22.4,0,1,0,32
2025-11-08,Sandwich,5,11,22.4,0,1,0,44
2025-11-08,Tea,5,11,22.4,0,1,0,130
2025-11-08,Cold Coffee,5,11,22.4,0,1,0,36
2025-11-09,Samosa,6,11,16.3,0,1,0,27
2025-11-09,Veg Burger,6,11,16.3,0,1,0,14
2025-11-09,Masala Dosa,6,11,16.3,0,1,0,20
2025-11-09,Chole Bhature,6,11,16.3,0,1,0,20
2025-11-09,Veg Biryani,6,11,16.3,0,1,0,14
2025-11-09,Sandwich,6,11,16.3,0,1,0,17
2025-11-09,Tea,6,11,16.3,0,1,0,67
2025-11-09,Cold Coffee,6,11,16.3,0,1,0,11
2025-11-10,Samosa,0,11,19.6,1,1,0,136
2025-11-10,Veg Burger,0,11,19.6,1,1,0,59
2025-11-10,Masala Dosa,0,11,19.6,1,1,0,76
2025-11-10,Chole Bhature,0,11,19.6,1,1,0,70
2025-11-10,Veg Biryani,0,11,19.6,1,1,0,64
2025-11-10,Sandwich,0,11,19.6,1,1,0,60
2025-11-10,Tea,0,11,19.6,1,1,0,353
2025-11-10,Cold Coffee,0,11,19.6,1,1,0,45
2025-11-11,Samosa,1,11,18.9,0,1,0,124
2025-11-11,Veg Burger,1,11,18.9,0,1,0,66
2025-11-11,Masala Dosa,1,11,18.9,0,1,0,74
2025-11-11,Chole Bhature,1,11,18.9,0,1,0,65
2025-11-11,Veg Biryani,1,11,18.9,0,1,0,53
2025-11-11,Sandwich,1,11,18.9,0,1,0,71
2025-11-11,Tea,1,11,18.9,0,1,0,325
2025-11-11,Cold Coffee,1,11,18.9,0,1,0,57
2025-11-12,Samosa,2,11,23.2,0,1,0,103
2025-11-12,Veg Burger,2,11,23.2,0,1,0,72
2025-11-12,Masala Dosa,2,11,23.2,0,1,0,73
2025-11-12,Chole Bhature,2,11,23.2,0,1,0,97
2025-11-12,Veg Biryani,2,11,23.2,0,1,0,54
2025-11-12,Sandwich,2,11,23.2,0,1,0,69
2025-11-12,Tea,2,11,23.2,0,1,0,281
2025-11-12,Cold Coffee,2,11,23.2,0,1,0,65
2025-11-13,Samosa,3,11,22.8,0,1,0,85
2025-11-13,Veg Burger,3,11,22.8,0,1,0,61
2025-11-13,Masala Dosa,3,11,22.8,0,1,0,70
2025-11-13,Chole Bhature,3,11,22.8,0,1,0,73
2025-11-13,Veg Biryani,3,11,22.8,0,1,0,54
2025-11-13,Sandwich,3,11,22.8,0,1,0,65
2025-11-13,Tea,3,11,22.8,0,1,0,270
2025-11-13,Cold Coffee,3,11,22.8,0,1,0,74
2025-11-14,Samosa,4,11,23.6,0,1,0,116
2025-11-14,Veg Burger,4,11,23.6,0,1,0,67
2025-11-14,Masala Dosa,4,11,23.6,0,1,0,81
2025-11-14,Chole Bhature,4,11,23.6,0,1,0,67
2025-11-14,Veg Biryani,4,11,23.6,0,1,0,59
2025-11-14,Sandwich,4,11,23.6,0,1,0,65
2025-11-14,Tea,4,11,23.6,0,1,0,255
2025-11-14,Cold Coffee,4,11,23.6,0,1,0,72
2025-11-15,Samosa,5,11,22.5,0,1,0,59
2025-11-15,Veg Burger,5,11,22.5,0,1,0,31
2025-11-15,Masala Dosa,5,11,22.5,0,1,0,45
2025-11-15,Chole Bhature,5,11,22.5,0,1,0,37
2025-11-15,Veg Biryani,5,11,22.5,0,1,0,25
2025-11-15,Sandwich,5,11,22.5,0,1,0,34
2025-11-15,Tea,5,11,22.5,0,1,0,135
2025-11-15,Cold Coffee,5,11,22.5,0,1,0,39
2025-11-16,Samosa,6,11,21.4,0,1,0,28
2025-11-16,Veg Burger,6,11,21.4,0,1,0,14
2025-11-16,Masala Dosa,6,11,21.4,0,1,0,22
2025-11-16,Chole Bhature,6,11,21.4,0,1,0,20
2025-11-16,Veg Biryani,6,11,21.4,0,1,0,12
2025-11-16,Sandwich,6,11,21.4,0,1,0,16
2025-11-16,Tea,6,11,21.4,0,1,0,74
2025-11-16,Cold Coffee,6,11,21.4,0,1,0,15
2025-11-17,Samosa,0,11,16.6,0,1,0,96
2025-11-17,Veg Burger,0,11,16.6,0,1,0,69
2025-11-17,Masala Dosa,0,11,16.6,0,1,0,65
2025-11-17,Chole Bhature,0,11,16.6,0,1,0,72
2025-11-17,Veg Biryani,0,11,16.6,0,1,0,60
2025-11-17,Sandwich,0,11,16.6,0,1,0,71
2025-11-17,Tea,0,11,16.6,0,1,0,320
2025-11-17,Cold Coffee,0,11,16.6,0,1,0,49
2025-11-18,Samosa,1,11,21.6,1,1,0,157
2025-11-18,Veg Burger,1,11,21.6,1,1,0,64
2025-11-18,Masala Dosa,1,11,21.6,1,1,0,68
2025-11-18,Chole Bhature,1,11,21.6,1,1,0,75
2025-11-18,Veg Biryani,1,11,21.6,1,1,0,59
2025-11-18,Sandwich,1,11,21.6,1,1,0,67
2025-11-18,Tea,1,11,21.6,1,1,0,401
2025-11-18,Cold Coffee,1,11,21.6,1,1,0,54
2025-11-19,Samosa,2,11,22.2,0,1,0,117
2025-11-19,Veg Burger,2,11,22.2,0,1,0,70
2025-11-19,Masala Dosa,2,11,22.2,0,1,0,81
2025-11-19,Chole Bhature,2,11,22.2,0,1,0,77
2025-11-19,Veg Biryani,2,11,22.2,0,1,0,47
2025-11-19,Sandwich,2,11,22.2,0,1,0,69
2025-11-19,Tea,2,11,22.2,0,1,0,253
2025-11-19,Cold Coffee,2,11,22.2,0,1,0,56
2025-11-20,Samosa,3,11,17.9,0,1,0,109
2025-11-20,Veg Burger,3,11,17.9,0,1,0,60
2025-11-20,Masala Dosa,3,11,17.9,0,1,0,85
2025-11-20,Chole Bhature,3,11,17.9,0,1,0,75
2025-11-20,Veg Biryani,3,11,17.9,0,1,0,58
2025-11-20,Sandwich,3,11,17.9,0,1,0,69
2025-11-20,Tea,3,11,17.9,0,1,0,356
2025-11-20,Cold Coffee,3,11,17.9,0,1,0,46
2025-11-21,Samosa,4,11,17.7,0,1,0,105
2025-11-21,Veg Burger,4,11,17.7,0,1,0,55
2025-11-21,Masala Dosa,4,11,17.7,0,1,0,76
2025-11-21,Chole Bhature,4,11,17.7,0,1,0,76
2025-11-21,Veg Biryani,4,11,17.7,0,1,0,60
2025-11-21,Sandwich,4,11,17.7,0,1,0,69
2025-11-21,Tea,4,11,17.7,0,1,0,278
2025-11-21,Cold Coffee,4,11,17.7,0,1,0,48
2025-11-22,Samosa,5,11,19.0,1,1,0,83
2025-11-22,Veg Burger,5,11,19.0,1,1,0,33
2025-11-22,Masala Dosa,5,11,19.0,1,1,0,44
2025-11-22,Chole Bhature,5,11,19.0,1,1,0,41
2025-11-22,Veg Biryani,5,11,19.0,1,1,0,25
2025-11-22,Sandwich,5,11,19.0,1,1,0,30
2025-11-22,Tea,5,11,19.0,1,1,0,208
2025-11-22,Cold Coffee,5,11,19.0,1,1,0,25
2025-11-23,Samosa,6,11,25.2,0,1,0,27
2025-11-23,Veg Burger,6,11,25.2,0,1,0,16
2025-11-23,Masala Dosa,6,11,25.2,0,1,0,20
2025-11-23,Chole Bhature,6,11,25.2,0,1,0,18
2025-11-23,Veg Biryani,6,11,25.2,0,1,0,14
2025-11-23,Sandwich,6,11,25.2,0,1,0,19
2025-11-23,Tea,6,11,25.2,0,1,0,76
2025-11-23,Cold Coffee,6,11,25.2,0,1,0,19
2025-11-24,Samosa,0,11,16.8,0,1,0,122
2025-11-24,Veg Burger,0,11,16.8,0,1,0,60
2025-11-24,Masala Dosa,0,11,16.8,0,1,0,81
2025-11-24,Chole Bhature,0,11,16.8,0,1,0,72
2025-11-24,Veg Biryani,0,11,16.8,0,1,0,51
2025-11-24,Sandwich,0,11,16.8,0,1,0,61
2025-11-24,Tea,0,11,16.8,0,1,0,268
2025-11-24,Cold Coffee,0,11,16.8,0,1,0,50
2025-11-25,Samosa,1,11,22.8,0,1,0,111
2025-11-25,Veg Burger,1,11,22.8,0,1,0,62
2025-11-25,Masala Dosa,1,11,22.8,0,1,0,79
2025-11-25,Chole Bhature,1,11,22.8,0,1,0,72
2025-11-25,Veg Biryani,1,11,22.8,0,1,0,48
2025-11-25,Sandwich,1,11,22.8,0,1,0,59
2025-11-25,Tea,1,11,22.8,0,1,0,280
2025-11-25,Cold Coffee,1,11,22.8,0,1,0,65
2025-11-26,Samosa,2,11,22.5,0,1,0,99
2025-11-26,Veg Burger,2,11,22.5,0,1,0,66
2025-11-26,Masala Dosa,2,11,22.5,0,1,0,80
2025-11-26,Chole Bhature,2,11,22.5,0,1,0,83
2025-11-26,Veg Biryani,2,11,22.5,0,1,0,58
2025-11-26,Sandwich,2,11,22.5,0,1,0,64
2025-11-26,Tea,2,11,22.5,0,1,0,262
2025-11-26,Cold Coffee,2,11,22.5,0,1,0,74
2025-11-27,Samosa,3,11,24.2,0,1,0,122
2025-11-27,Veg Burger,3,11,24.2,0,1,0,55
2025-11-27,Masala Dosa,3,11,24.2,0,1,0,77
2025-11-27,Chole Bhature,3,11,24.2,0,1,0,74
2025-11-27,Veg Biryani,3,11,24.2,0,1,0,47
2025-11-27,Sandwich,3,11,24.2,0,1,0,56
2025-11-27,Tea,3,11,24.2,0,1,0,222
2025-11-27,Cold Coffee,3,11,24.2,0,1,0,74
2025-11-28,Samosa,4,11,20.1,0,1,0,105
2025-11-28,Veg Burger,4,11,20.1,0,1,0,56
2025-11-28,Masala Dosa,4,11,20.1,0,1,0,84
2025-11-28,Chole Bhature,4,11,20.1,0,1,0,64
2025-11-28,Veg Biryani,4,11,20.1,0,1,0,58
2025-11-28,Sandwich,4,11,20.1,0,1,0,56
2025-11-28,Tea,4,11,20.1,0,1,0,246
2025-11-28,Cold Coffee,4,11,20.1,0,1,0,59
2025-11-29,Samosa,5,11,17.1,1,1,0,68
2025-11-29,Veg Burger,5,11,17.1,1,1,0,43
2025-11-29,Masala Dosa,5,11,17.1,1,1,0,44
2025-11-29,Chole Bhature,5,11,17.1,1,1,0,45
2025-11-29,Veg Biryani,5,11,17.1,1,1,0,31
2025-11-29,Sandwich,5,11,17.1,1,1,0,35
2025-11-29,Tea,5,11,17.1,1,1,0,197
2025-11-29,Cold Coffee,5,11,17.1,1,1,0,21
2025-11-30,Samosa,6,11,18.8,0,1,0,27
2025-11-30,Veg Burger,6,11,18.8,0,1,0,15
2025-11-30,Masala Dosa,6,11,18.8,0,1,0,21
2025-11-30,Chole Bhature,6,11,18.8,0,1,0,17
2025-11-30,Veg Biryani,6,11,18.8,0,1,0,12
2025-11-30,Sandwich,6,11,18.8,0,1,0,17
2025-11-30,Tea,6,11,18.8,0,1,0,73
2025-11-30,Cold Coffee,6,11,18.8,0,1,0,12
2025-12-01,Samosa,0,12,21.9,0,0,0,103
2025-12-01,Veg Burger,0,12,21.9,0,0,0,70
2025-12-01,Masala Dosa,0,12,21.9,0,0,0,89
2025-12-01,Chole Bhature,0,12,21.9,0,0,0,78
2025-12-01,Veg Biryani,0,12,21.9,0,0,0,62
2025-12-01,Sandwich,0,12,21.9,0,0,0,68
2025-12-01,Tea,0,12,21.9,0,0,0,239
2025-12-01,Cold Coffee,0,12,21.9,0,0,0,64
2025-12-02,Samosa,1,12,19.4,0,0,0,121
2025-12-02,Veg Burger,1,12,19.4,0,0,0,73
2025-12-02,Masala Dosa,1,12,19.4,0,0,0,108
2025-12-02,Chole Bhature,1,12,19.4,0,0,0,74
2025-12-02,Veg Biryani,1,12,19.4,0,0,0,55
2025-12-02,Sandwich,1,12,19.4,0,0,0,70
2025-12-02,Tea,1,12,19.4,0,0,0,235
2025-12-02,Cold Coffee,1,12,19.4,0,0,0,48
2025-12-03,Samosa,2,12,20.0,1,0,0,177
2025-12-03,Veg Burger,2,12,20.0,1,0,0,75
2025-12-03,Masala Dosa,2,12,20.0,1,0,0,94
2025-12-03,Chole Bhature,2,12,20.0,1,0,0,103
2025-12-03,Veg Biryani,2,12,20.0,1,0,0,54
2025-12-03,Sandwich,2,12,20.0,1,0,0,81
2025-12-03,Tea,2,12,20.0,1,0,0,297
2025-12-03,Cold Coffee,2,12,20.0,1,0,0,47
2025-12-04,Samosa,3,12,22.4,0,0,0,120
2025-12-04,Veg Burger,3,12,22.4,0,0,0,76
2025-12-04,Masala Dosa,3,12,22.4,0,0,0,98
2025-12-04,Chole Bhature,3,12,22.4,0,0,0,75
2025-12-04,Veg Biryani,3,12,22.4,0,0,0,57
2025-12-04,Sandwich,3,12,22.4,0,0,0,67
2025-12-04,Tea,3,12,22.4,0,0,0,230
2025-12-04,Cold Coffee,3,12,22.4,0,0,0,69
2025-12-05,Samosa,4,12,17.3,0,0,0,116
2025-12-05,Veg Burger,4,12,17.3,0,0,0,65
2025-12-05,Masala Dosa,4,12,17.3,0,0,0,86
2025-12-05,Chole Bhature,4,12,17.3,0,0,0,74
2025-12-05,Veg Biryani,4,12,17.3,0,0,0,74
2025-12-05,Sandwich,4,12,17.3,0,0,0,62
2025-12-05,Tea,4,12,17.3,0,0,0,226
2025-12-05,Cold Coffee,4,12,17.3,0,0,0,48
2025-12-06,Samosa,5,12,20.4,1,0,0,87
2025-12-06,Veg Burger,5,12,20.4,1,0,0,36
2025-12-06,Masala Dosa,5,12,20.4,1,0,0,44
2025-12-06,Chole Bhature,5,12,20.4,1,0,0,50
2025-12-06,Veg Biryani,5,12,20.4,1,0,0,31
2025-12-06,Sandwich,5,12,20.4,1,0,0,41
2025-12-06,Tea,5,12,20.4,1,0,0,178
2025-12-06,Cold Coffee,5,12,20.4,1,0,0,33
2025-12-07,Samosa,6,12,17.5,0,0,0,31
2025-12-07,Veg Burger,6,12,17.5,0,0,0,17
2025-12-07,Masala Dosa,6,12,17.5,0,0,0,23
2025-12-07,Chole Bhature,6,12,17.5,0,0,0,18
2025-12-07,Veg Biryani,6,12,17.5,0,0,0,14
2025-12-07,Sandwich,6,12,17.5,0,0,0,18
2025-12-07,Tea,6,12,17.5,0,0,0,60
2025-12-07,Cold Coffee,6,12,17.5,0,0,0,13
2025-12-08,Samosa,0,12,24.1,0,0,0,124
2025-12-08,Veg Burger,0,12,24.1,0,0,0,67
2025-12-08,Masala Dosa,0,12,24.1,0,0,0,87
2025-12-08,Chole Bhature,0,12,24.1,0,0,0,82
2025-12-08,Veg Biryani,0,12,24.1,0,0,0,63
2025-12-08,Sandwich,0,12,24.1,0,0,0,73
2025-12-08,Tea,0,12,24.1,0,0,0,201
2025-12-08,Cold Coffee,0,12,24.1,0,0,0,67
2025-12-09,Samosa,1,12,15.8,0,0,0,133
2025-12-09,Veg Burger,1,12,15.8,0,0,0,74
2025-12-09,Masala Dosa,1,12,15.8,0,0,0,85
2025-12-09,Chole Bhature,1,12,15.8,0,0,0,74
2025-12-09,Veg Biryani,1,12,15.8,0,0,0,58
2025-12-09,Sandwich,1,12,15.8,0,0,0,72
2025-12-09,Tea,1,12,15.8,0,0,0,265
2025-12-09,Cold Coffee,1,12,15.8,0,0,0,46
2025-12-10,Samosa,2,12,23.8,0,0,0,137
2025-12-10,Veg Burger,2,12,23.8,0,0,0,70
2025-12-10,Masala Dosa,2,12,23.8,0,0,0,92
2025-12-10,Chole Bhature,2,12,23.8,0,0,0,91
2025-12-10,Veg Biryani,2,12,23.8,0,0,0,62
2025-12-10,Sandwich,2,12,23.8,0,0,0,71
2025-12-10,Tea,2,12,23.8,0,0,0,182
2025-12-10,Cold Coffee,2,12,23.8,0,0,0,63
2025-12-11,Samosa,3,12,20.0,0,0,0,109
2025-12-11,Veg Burger,3,12,20.0,0,0,0,79
2025-12-11,Masala Dosa,3,12,20.0,0,0,0,89
2025-12-11,Chole Bhature,3,12,20.0,0,0,0,79
2025-12-11,Veg Biryani,3,12,20.0,0,0,0,52
2025-12-11,Sandwich,3,12,20.0,0,0,0,73
2025-12-11,Tea,3,12,20.0,0,0,0,253
2025-12-11,Cold Coffee,3,12,20.0,0,0,0,57
2025-12-12,Samosa,4,12,19.4,0,0,0,116
2025-12-12,Veg Burger,4,12,19.4,0,0,0,75
2025-12-12,Masala Dosa,4,12,19.4,0,0,0,99
2025-12-12,Chole Bhature,4,12,19.4,0,0,0,86
2025-12-12,Veg Biryani,4,12,19.4,0,0,0,59
2025-12-12,Sandwich,4,12,19.4,0,0,0,81
2025-12-12,Tea,4,12,19.4,0,0,0,200
2025-12-12,Cold Coffee,4,12,19.4,0,0,0,60
2025-12-13,Samosa,5,12,19.3,0,0,0,70
2025-12-13,Veg Burger,5,12,19.3,0,0,0,35
2025-12-13,Masala Dosa,5,12,19.3,0,0,0,43
2025-12-13,Chole Bhature,5,12,19.3,0,0,0,41
2025-12-13,Veg Biryani,5,12,19.3,0,0,0,30
2025-12-13,Sandwich,5,12,19.3,0,0,0,47
2025-12-13,Tea,5,12,19.3,0,0,0,122
2025-12-13,Cold Coffee,5,12,19.3,0,0,0,32
2025-12-14,Samosa,6,12,20.0,1,0,0,47
2025-12-14,Veg Burger,6,12,20.0,1,0,0,18
2025-12-14,Masala Dosa,6,12,20.0,1,0,0,25
2025-12-14,Chole Bhature,6,12,20.0,1,0,0,20
2025-12-14,Veg Biryani,6,12,20.0,1,0,0,16
2025-12-14,Sandwich,6,12,20.0,1,0,0,18
2025-12-14,Tea,6,12,20.0,1,0,0,77
2025-12-14,Cold Coffee,6,12,20.0,1,0,0,12
2025-12-15,Samosa,0,12,18.8,0,0,0,119
2025-12-15,Veg Burger,0,12,18.8,0,0,0,67
2025-12-15,Masala Dosa,0,12,18.8,0,0,0,90
2025-12-15,Chole Bhature,0,12,18.8,0,0,0,79
2025-12-15,Veg Biryani,0,12,18.8,0,0,0,80
2025-12-15,Sandwich,0,12,18.8,0,0,0,73
2025-12-15,Tea,0,12,18.8,0,0,0,230
2025-12-15,Cold Coffee,0,12,18.8,0,0,0,54
2025-12-16,Samosa,1,12,18.6,0,0,0,133
2025-12-16,Veg Burger,1,12,18.6,0,0,0,70
2025-12-16,Masala Dosa,1,12,18.6,0,0,0,92
2025-12-16,Chole Bhature,1,12,18.6,0,0,0,86
2025-12-16,Veg Biryani,1,12,18.6,0,0,0,67
2025-12-16,Sandwich,1,12,18.6,0,0,0,63
2025-12-16,Tea,1,12,18.6,0,0,0,213
2025-12-16,Cold Coffee,1,12,18.6,0,0,0,59
2025-12-17,Samosa,2,12,19.4,0,0,0,114
2025-12-17,Veg Burger,2,12,19.4,0,0,0,72
2025-12-17,Masala Dosa,2,12,19.4,0,0,0,80
2025-12-17,Chole Bhature,2,12,19.4,0,0,0,92
2025-12-17,Veg Biryani,2,12,19.4,0,0,0,60
2025-12-17,Sandwich,2,12,19.4,0,0,0,81
2025-12-17,Tea,2,12,19.4,0,0,0,224
2025-12-17,Cold Coffee,2,12,19.4,0,0,0,61
2025-12-18,Samosa,3,12,21.9,0,0,0,114
2025-12-18,Veg Burger,3,12,21.9,0,0,0,68
2025-12-18,Masala Dosa,3,12,21.9,0,0,0,96
2025-12-18,Chole Bhature,3,12,21.9,0,0,0,77
2025-12-18,Veg Biryani,3,12,21.9,0,0,0,60
2025-12-18,Sandwich,3,12,21.9,0,0,0,77
2025-12-18,Tea,3,12,21.9,0,0,0,238
2025-12-18,Cold Coffee,3,12,21.9,0,0,0,55
2025-12-19,Samosa,4,12,21.4,0,0,0,118
2025-12-19,Veg Burger,4,12,21.4,0,0,0,73
2025-12-19,Masala Dosa,4,12,21.4,0,0,0,100
2025-12-19,Chole Bhature,4,12,21.4,0,0,0,89
2025-12-19,Veg Biryani,4,12,21.4,0,0,0,76
2025-12-19,Sandwich,4,12,21.4,0,0,0,80
2025-12-19,Tea,4,12,21.4,0,0,0,264
2025-12-19,Cold Coffee,4,12,21.4,0,0,0,65
2025-12-20,Samosa,5,12,20.7,0,0,0,66
2025-12-20,Veg Burger,5,12,20.7,0,0,0,36
2025-12-20,Masala Dosa,5,12,20.7,0,0,0,55
2025-12-20,Chole Bhature,5,12,20.7,0,0,0,44
2025-12-20,Veg Biryani,5,12,20.7,0,0,0,38
2025-12-20,Sandwich,5,12,20.7,0,0,0,36
2025-12-20,Tea,5,12,20.7,0,0,0,120
2025-12-20,Cold Coffee,5,12,20.7,0,0,0,33
2025-12-21,Samosa,6,12,22.3,0,0,0,31
2025-12-21,Veg Burger,6,12,22.3,0,0,0,20
2025-12-21,Masala Dosa,6,12,22.3,0,0,0,25
2025-12-21,Chole Bhature,6,12,22.3,0,0,0,20
2025-12-21,Veg Biryani,6,12,22.3,0,0,0,15
2025-12-21,Sandwich,6,12,22.3,0,0,0,18
2025-12-21,Tea,6,12,22.3,0,0,0,53
2025-12-21,Cold Coffee,6,12,22.3,0,0,0,18
2025-12-22,Samosa,0,12,23.2,0,0,0,105
2025-12-22,Veg Burger,0,12,23.2,0,0,0,65
2025-12-22,Masala Dosa,0,12,23.2,0,0,0,74
2025-12-22,Chole Bhature,0,12,23.2,0,0,0,75
2025-12-22,Veg Biryani,0,12,23.2,0,0,0,73
2025-12-22,Sandwich,0,12,23.2,0,0,0,73
2025-12-22,Tea,0,12,23.2,0,0,0,227
2025-12-22,Cold Coffee,0,12,23.2,0,0,0,60
2025-12-23,Samosa,1,12,21.6,1,0,0,149
2025-12-23,Veg Burger,1,12,21.6,1,0,0,59
2025-12-23,Masala Dosa,1,12,21.6,1,0,0,96
2025-12-23,Chole Bhature,1,12,21.6,1,0,0,87
2025-12-23,Veg Biryani,1,12,21.6,1,0,0,53
2025-12-23,Sandwich,1,12,21.6,1,0,0,77
2025-12-23,Tea,1,12,21.6,1,0,0,318
2025-12-23,Cold Coffee,1,12,21.6,1,0,0,49
2025-12-24,Samosa,2,12,21.3,0,0,0,117
2025-12-24,Veg Burger,2,12,21.3,0,0,0,70
2025-12-24,Masala Dosa,2,12,21.3,0,0,0,104
2025-12-24,Chole Bhature,2,12,21.3,0,0,0,101
2025-12-24,Veg Biryani,2,12,21.3,0,0,0,67
2025-12-24,Sandwich,2,12,21.3,0,0,0,79
2025-12-24,Tea,2,12,21.3,0,0,0,214
2025-12-24,Cold Coffee,2,12,21.3,0,0,0,63
2025-12-25,Samosa,3,12,20.5,0,0,1,33
2025-12-25,Veg Burger,3,12,20.5,0,0,1,21
2025-12-25,Masala Dosa,3,12,20.5,0,0,1,25
2025-12-25,Chole Bhature,3,12,20.5,0,0,1,20
2025-12-25,Veg Biryani,3,12,20.5,0,0,1,19
2025-12-25,Sandwich,3,12,20.5,0,0,1,24
2025-12-25,Tea,3,12,20.5,0,0,1,76
2025-12-25,Cold Coffee,3,12,20.5,0,0,1,20
2025-12-26,Samosa,4,12,18.5,0,0,0,128
2025-12-26,Veg Burger,4,12,18.5,0,0,0,82
2025-12-26,Masala Dosa,4,12,18.5,0,0,0,94
2025-12-26,Chole Bhature,4,12,18.5,0,0,0,79
2025-12-26,Veg Biryani,4,12,18.5,0,0,0,71
2025-12-26,Sandwich,4,12,18.5,0,0,0,82
2025-12-26,Tea,4,12,18.5,0,0,0,223
2025-12-26,Cold Coffee,4,12,18.5,0,0,0,50
2025-12-27,Samosa,5,12,19.4,0,0,0,55
2025-12-27,Veg Burger,5,12,19.4,0,0,0,35
2025-12-27,Masala Dosa,5,12,19.4,0,0,0,50
2025-12-27,Chole Bhature,5,12,19.4,0,0,0,50
2025-12-27,Veg Biryani,5,12,19.4,0,0,0,34
2025-12-27,Sandwich,5,12,19.4,0,0,0,48
2025-12-27,Tea,5,12,19.4,0,0,0,119
2025-12-27,Cold Coffee,5,12,19.4,0,0,0,28
2025-12-28,Samosa,6,12,17.9,0,0,0,37
2025-12-28,Veg Burger,6,12,17.9,0,0,0,17
2025-12-28,Masala Dosa,6,12,17.9,0,0,0,21
2025-12-28,Chole Bhature,6,12,17.9,0,0,0,18
2025-12-28,Veg Biryani,6,12,17.9,0,0,0,15
2025-12-28,Sandwich,6,12,17.9,0,0,0,19
2025-12-28,Tea,6,12,17.9,0,0,0,61
2025-12-28,Cold Coffee,6,12,17.9,0,0,0,12
2025-12-29,Samosa,0,12,21.3,0,0,0,116
2025-12-29,Veg Burger,0,12,21.3,0,0,0,71
2025-12-29,Masala Dosa,0,12,21.3,0,0,0,76
2025-12-29,Chole Bhature,0,12,21.3,0,0,0,87
2025-12-29,Veg Biryani,0,12,21.3,0,0,0,58
2025-12-29,Sandwich,0,12,21.3,0,0,0,64
2025-12-29,Tea,0,12,21.3,0,0,0,210
2025-12-29,Cold Coffee,0,12,21.3,0,0,0,58
2025-12-30,Samosa,1,12,22.8,0,0,0,137
2025-12-30,Veg Burger,1,12,22.8,0,0,0,68
2025-12-30,Masala Dosa,1,12,22.8,0,0,0,84
2025-12-30,Chole Bhature,1,12,22.8,0,0,0,84
2025-12-30,Veg Biryani,1,12,22.8,0,0,0,58
2025-12-30,Sandwich,1,12,22.8,0,0,0,70
2025-12-30,Tea,1,12,22.8,0,0,0,212
2025-12-30,Cold Coffee,1,12,22.8,0,0,0,67
2025-12-31,Samosa,2,12,22.7,0,0,0,101
2025-12-31,Veg Burger,2,12,22.7,0,0,0,77
2025-12-31,Masala Dosa,2,12,22.7,0,0,0,91
2025-12-31,Chole Bhature,2,12,22.7,0,0,0,92
2025-12-31,Veg Biryani,2,12,22.7,0,0,0,60
2025-12-31,Sandwich,2,12,22.7,0,0,0,79
2025-12-31,Tea,2,12,22.7,0,0,0,190
2025-12-31,Cold Coffee,2,12,22.7,0,0,0,63
